date,cash,stock_value,total_value,positions
2024-07-04,450754.41,47655.95,498410.36,1
2024-07-05,450754.41,47051.18,497805.59,1
2024-07-08,450754.41,44994.96,495749.37,1
2024-07-09,495688.63,0.0,495688.63,0
2024-07-10,446443.04,48030.91,494473.96,1
2024-07-11,446443.04,50292.76,496735.8,1
2024-07-12,446443.04,51623.25,498066.3,1
2024-07-15,446443.04,50159.71,496602.75,1
2024-07-16,446443.04,49494.46,495937.5,1
2024-07-17,446443.04,50292.76,496735.8,1
2024-07-18,446443.04,50159.71,496602.75,1
2024-07-19,446443.04,48829.21,495272.25,1
2024-07-22,446443.04,48962.26,495405.3,1
2024-07-23,446443.04,48430.06,494873.11,1
2024-07-24,446443.04,47897.86,494340.91,1
2024-07-25,446443.04,48696.16,495139.2,1
2024-07-26,446443.04,49228.36,495671.4,1
2024-07-29,446443.04,49627.51,496070.55,1
2024-07-30,446443.04,54550.34,500993.39,1
2024-07-31,446443.04,60005.38,506448.42,1
2024-08-01,477003.15,28406.09,505409.24,1
2024-08-02,477003.15,27341.7,504344.85,1
2024-08-05,477003.15,26343.82,503346.97,1
2024-08-06,477003.15,27075.6,504078.75,1
2024-08-07,477003.15,26410.35,503413.5,1
2024-08-08,477003.15,26742.97,503746.12,1
2024-08-09,477003.15,27142.12,504145.27,1
2024-08-12,477003.15,26277.3,503280.45,1
2024-08-13,477003.15,26210.78,503213.92,1
2024-08-14,477003.15,26077.73,503080.87,1
2024-08-15,477003.15,26876.02,503879.17,1
2024-08-16,477003.15,26144.25,503147.4,1
2024-08-19,477003.15,25811.63,502814.77,1
2024-08-20,477003.15,25345.95,502349.1,1
2024-08-21,477003.15,25412.48,502415.63,1
2024-08-22,477003.15,25079.85,502083.0,1
2024-08-23,477003.15,24680.7,501683.85,1
2024-08-26,477003.15,24946.8,501949.95,1
2024-08-27,477003.15,24477.38,501480.52,1
2024-08-28,477003.15,24611.5,501614.65,1
2024-08-29,477003.15,24812.68,501815.83,1
2024-08-30,477003.15,25751.54,502754.69,1
2024-09-02,477003.15,25349.17,502352.32,1
2024-09-03,477003.15,25617.42,502620.57,1
2024-09-04,477003.15,25349.17,502352.32,1
2024-09-05,477003.15,25818.6,502821.75,1
2024-09-06,477003.15,25684.48,502687.63,1
2024-09-09,477003.15,25885.66,502888.81,1
2024-09-10,477003.15,25684.48,502687.63,1
2024-09-11,477003.15,24879.74,501882.89,1
2024-09-12,477003.15,24946.8,501949.95,1
2024-09-13,477003.15,25147.99,502151.14,1
2024-09-18,477003.15,25751.54,502754.69,1
2024-09-19,477003.15,26556.28,503559.42,1
2024-09-20,477003.15,26757.46,503760.61,1
2024-09-23,477003.15,26690.4,503693.55,1
2024-09-24,477003.15,28836.36,505839.51,1
2024-09-25,477003.15,29238.73,506241.88,1
2024-09-26,477003.15,30982.32,507985.47,1
2024-09-27,492908.71,15994.12,508902.83,1
2024-09-30,501666.66,8665.54,510332.2,1
2024-10-08,506371.66,4475.79,510847.45,1
2024-10-09,508499.63,2044.15,510543.78,1
2024-10-10,509468.39,1011.77,510480.16,1
2024-10-11,509971.4,498.2,510469.61,1
2024-10-14,510197.88,287.14,510485.03,1
2024-10-15,510311.86,167.53,510479.39,1
2024-10-16,510367.62,115.1,510482.73,1
2024-10-17,510425.34,55.6,510480.94,1
2024-10-18,510425.34,56.21,510481.55,1
2024-10-21,510425.34,55.72,510481.06,1
2024-10-22,510425.34,56.7,510482.04,1
2024-10-23,510425.34,56.45,510481.79,1
2024-10-24,510425.34,56.58,510481.92,1
2024-10-25,510425.34,57.67,510483.01,1
2024-10-28,510425.34,61.21,510486.55,1
2024-10-29,510425.34,58.77,510484.11,1
2024-10-30,510425.34,60.72,510486.06,1
2024-10-31,510425.34,62.18,510487.53,1
2024-11-01,510425.34,60.96,510486.31,1
2024-11-04,510425.34,63.89,510489.23,1
2024-11-05,510425.34,66.21,510491.55,1
2024-11-06,510425.34,66.21,510491.55,1
2024-11-07,510425.34,70.6,510495.94,1
2024-11-08,510425.34,66.57,510491.91,1
2024-11-11,510425.34,65.84,510491.18,1
2024-11-12,510425.34,65.23,510490.57,1
2024-11-13,510425.34,66.21,510491.55,1
2024-11-14,510425.34,64.26,510489.6,1
2024-11-15,510425.34,62.18,510487.53,1
2024-11-18,510425.34,62.92,510488.26,1
2024-11-19,510425.34,63.4,510488.74,1
2024-11-20,510425.34,64.62,510489.96,1
2024-11-21,510425.34,64.26,510489.6,1
2024-11-22,510425.34,62.31,510487.65,1
2024-11-25,510425.34,63.4,510488.74,1
2024-11-26,510425.34,63.53,510488.87,1
2024-11-27,510425.34,63.53,510488.87,1
2024-11-28,510425.34,65.11,510490.45,1
2024-11-29,510425.34,69.5,510494.84,1
2024-12-02,510425.34,68.77,510494.11,1
2024-12-03,510425.34,71.08,510496.43,1
2024-12-04,510425.34,69.74,510495.08,1
2024-12-05,510425.34,69.99,510495.33,1
2024-12-06,510425.34,71.45,510496.79,1
2024-12-09,510425.34,69.5,510494.84,1
2024-12-10,510425.34,69.38,510494.72,1
2024-12-11,510425.34,72.06,510497.4,1
2024-12-12,510425.34,79.25,510504.6,1
2024-12-13,510425.34,74.5,510499.84,1
2024-12-16,510425.34,72.3,510497.65,1
2024-12-17,510425.34,69.5,510494.84,1
2024-12-18,510425.34,68.77,510494.11,1
2024-12-19,510425.34,68.65,510493.99,1
2024-12-20,510425.34,67.43,510492.77,1
2024-12-23,510425.34,63.65,510488.99,1
2024-12-24,510425.34,63.77,510489.11,1
2024-12-25,510425.34,62.06,510487.4,1
2024-12-26,510425.34,62.43,510487.77,1
2024-12-27,510425.34,64.5,510489.84,1
2024-12-30,510425.34,62.79,510488.13,1
2024-12-31,510425.34,62.18,510487.53,1
2025-07-04,450393.86,49332.73,499726.59,1
2025-07-07,450393.86,50527.64,500921.5,1
2025-07-08,450393.86,50869.05,501262.9,1
2025-07-09,450393.86,51893.25,502287.11,1
2025-07-10,450393.86,53173.52,503567.37,1
2025-07-11,450393.86,55904.74,506298.6,1
2025-07-14,450393.86,52832.11,503225.97,1
2025-07-15,450393.86,53514.92,503908.78,1
2025-07-16,450393.86,52917.46,503311.32,1
2025-07-17,450393.86,52405.36,502799.22,1
2025-07-18,450393.86,52063.96,502457.81,1
2025-07-21,450393.86,52490.71,502884.57,1
2025-07-22,450393.86,52490.71,502884.57,1
2025-07-23,450393.86,52063.96,502457.81,1
2025-07-24,450393.86,52149.31,502543.17,1
2025-07-25,450393.86,52234.66,502628.52,1
2025-07-28,450393.86,51978.61,502372.46,1
2025-07-29,450393.86,51722.55,502116.41,1
2025-07-30,450393.86,51381.15,501775.01,1
2025-07-31,450393.86,49759.49,500153.34,1
2025-08-01,450393.86,50100.89,500494.75,1
2025-08-04,450393.86,49844.84,500238.69,1
2025-08-05,450393.86,50532.35,500926.21,1
2025-08-06,450393.86,50446.41,500840.27,1
2025-08-07,450393.86,50704.23,501098.09,1
2025-08-08,450393.86,50532.35,500926.21,1
2025-08-11,450393.86,51133.93,501527.78,1
2025-08-12,450393.86,50876.11,501269.97,1
2025-08-13,450393.86,51047.99,501441.84,1
2025-08-14,450393.86,49930.77,500324.63,1
2025-08-15,450393.86,51477.68,501871.54,1
2025-08-18,450393.86,52423.02,502816.87,1
2025-08-19,450393.86,51735.5,502129.36,1
2025-08-20,450393.86,51993.32,502387.18,1
2025-08-21,450393.86,52165.2,502559.06,1
2025-08-22,450393.86,52594.9,502988.75,1
2025-08-25,450393.86,53969.92,504363.78,1
2025-08-26,450393.86,52852.71,503246.57,1
2025-08-27,450393.86,51047.99,501441.84,1
2025-08-28,450393.86,51047.99,501441.84,1
2025-08-29,450393.86,50790.17,501184.03,1
2025-09-01,450393.86,50790.17,501184.03,1
2025-09-02,450393.86,49844.84,500238.69,1
2025-09-03,450393.86,48899.5,499293.36,1
2025-09-04,450393.86,48813.56,499207.42,1
2025-09-05,450393.86,48899.5,499293.36,1
2025-09-08,450393.86,49672.96,500066.81,1
2025-09-09,450393.86,49844.84,500238.69,1
2025-09-10,450393.86,49930.77,500324.63,1
2025-09-11,450393.86,50360.47,500754.33,1
2025-09-12,450393.86,51477.68,501871.54,1
2025-09-15,450393.86,51477.68,501871.54,1
2025-09-16,450393.86,51993.32,502387.18,1
2025-09-17,450393.86,52079.26,502473.12,1
2025-09-18,450393.86,50274.53,500668.39,1
2025-09-19,450393.86,50188.59,500582.45,1
2025-09-22,450393.86,49329.2,499723.06,1
2025-09-23,450393.86,47696.35,498090.21,1
2025-09-24,450393.86,48813.56,499207.42,1
2025-09-25,450393.86,47696.35,498090.21,1
2025-09-26,450393.86,47782.29,498176.15,1
2025-09-29,450393.86,52594.9,502988.75,1
2025-09-30,450393.86,52251.14,502645.0,1
2025-10-09,450393.86,51305.8,501699.66,1
2025-10-10,450393.86,51993.32,502387.18,1
2025-10-13,450393.86,51563.62,501957.48,1
2025-10-14,450393.86,52251.14,502645.0,1
2025-10-15,450393.86,53024.59,503418.45,1
2025-10-16,450393.86,52337.08,502730.94,1
2025-10-17,450393.86,52852.71,503246.57,1
2025-10-20,450393.86,53454.29,503848.15,1
2025-10-21,450393.86,54657.44,505051.3,1
2025-10-22,450393.86,55344.95,505738.81,1
2025-10-23,450393.86,54227.74,504621.6,1
2025-10-24,450393.86,53024.59,503418.45,1
2025-10-27,450393.86,52594.9,502988.75,1
2025-10-28,450393.86,52766.77,503160.63,1
2025-10-29,450393.86,52337.08,502730.94,1
2025-10-30,450393.86,51821.44,502215.3,1
2025-10-31,450393.86,52337.08,502730.94,1
2025-11-03,450393.86,52079.26,502473.12,1
2025-11-04,450393.86,51649.56,502043.42,1
2025-11-05,450393.86,51907.38,502301.24,1
2025-11-06,450393.86,51735.5,502129.36,1
2025-11-07,450393.86,51305.8,501699.66,1
2025-11-10,450393.86,52337.08,502730.94,1
2025-11-11,450393.86,52594.9,502988.75,1
2025-11-12,450393.86,52508.96,502902.81,1
2025-11-13,450393.86,52938.65,503332.51,1
2025-11-14,450393.86,53454.29,503848.15,1
2025-11-17,450393.86,55516.83,505910.69,1
2025-11-18,450393.86,54313.68,504707.54,1
2025-11-19,450393.86,52508.96,502902.81,1
2025-11-20,450393.86,52251.14,502645.0,1
2025-11-21,450393.86,49329.2,499723.06,1
2025-11-24,450393.86,49758.9,500152.75,1
2025-11-25,450393.86,49844.84,500238.69,1
2025-11-26,450393.86,49329.2,499723.06,1
2025-11-27,450393.86,49672.96,500066.81,1
2025-11-28,450393.86,50360.47,500754.33,1
2025-12-01,450393.86,50618.29,501012.15,1
2025-12-02,450393.86,50962.05,501355.91,1
2025-12-03,450393.86,50618.29,501012.15,1
2025-12-04,450393.86,49758.9,500152.75,1
2025-12-05,450393.86,50274.53,500668.39,1
2025-12-08,450393.86,51047.99,501441.84,1
2025-12-09,450393.86,50188.59,500582.45,1
2025-12-10,450393.86,49930.77,500324.63,1
2025-12-11,450393.86,47696.35,498090.21,1
2025-12-12,450393.86,47868.23,498262.09,1
2025-12-15,450393.86,47782.29,498176.15,1
2025-12-16,450393.86,48040.11,498433.97,1
2025-12-17,450393.86,47954.17,498348.03,1
2025-12-18,450393.86,48469.81,498863.66,1
2025-12-19,450393.86,49587.02,499980.88,1
2025-12-22,450393.86,51133.93,501527.78,1
2025-12-23,450393.86,50016.71,500410.57,1
2025-12-24,450393.86,50102.65,500496.51,1
2025-12-25,450393.86,52251.14,502645.0,1
2025-12-26,450393.86,53196.47,503590.33,1
2025-12-29,450393.86,52766.77,503160.63,1
2025-12-30,450393.86,52852.71,503246.57,1
2025-12-31,450393.86,55602.77,505996.63,1
2026-07-07,401567.56,96190.0,497757.56,2
2026-07-08,302285.82,197449.0,499734.82,4
2026-07-09,253248.66,245222.0,498470.66,5
2026-07-10,203500.25,301549.0,505049.25,6
2026-07-13,103725.34,395738.0,499463.34,8
2026-07-14,35749.8,463982.5,499732.3,10
2026-07-15,140231.82,362668.25,502900.07,8
2026-07-16,40991.1,464804.75,505795.85,10
2026-07-17,40991.1,457064.75,498055.85,10
2026-07-20,131292.04,373916.25,505208.29,8
2024-07-04,450754.41,47655.95,498410.36,1
2024-07-05,450754.41,47051.18,497805.59,1
2024-07-08,450754.41,44994.96,495749.37,1
2024-07-09,495688.63,0.0,495688.63,0
2024-07-10,446443.04,48030.91,494473.96,1
2024-07-11,446443.04,50292.76,496735.8,1
2024-07-12,446443.04,51623.25,498066.3,1
2024-07-15,446443.04,50159.71,496602.75,1
2024-07-16,446443.04,49494.46,495937.5,1
2024-07-17,446443.04,50292.76,496735.8,1
2024-07-18,446443.04,50159.71,496602.75,1
2024-07-19,446443.04,48829.21,495272.25,1
2024-07-22,446443.04,48962.26,495405.3,1
2024-07-23,446443.04,48430.06,494873.11,1
2024-07-24,446443.04,47897.86,494340.91,1
2024-07-25,446443.04,48696.16,495139.2,1
2024-07-26,446443.04,49228.36,495671.4,1
2024-07-29,446443.04,49627.51,496070.55,1
2024-07-30,446443.04,54550.34,500993.39,1
2024-07-31,446443.04,60005.38,506448.42,1
2024-08-01,477003.15,28406.09,505409.24,1
2024-08-02,477003.15,27341.7,504344.85,1
2024-08-05,477003.15,26343.82,503346.97,1
2024-08-06,477003.15,27075.6,504078.75,1
2024-08-07,477003.15,26410.35,503413.5,1
2024-08-08,477003.15,26742.97,503746.12,1
2024-08-09,477003.15,27142.12,504145.27,1
2024-08-12,477003.15,26277.3,503280.45,1
2024-08-13,477003.15,26210.78,503213.92,1
2024-08-14,477003.15,26077.73,503080.87,1
2024-08-15,477003.15,26876.02,503879.17,1
2024-08-16,477003.15,26144.25,503147.4,1
2024-08-19,477003.15,25811.63,502814.77,1
2024-08-20,477003.15,25345.95,502349.1,1
2024-08-21,477003.15,25412.48,502415.63,1
2024-08-22,477003.15,25079.85,502083.0,1
2024-08-23,477003.15,24680.7,501683.85,1
2024-08-26,477003.15,24946.8,501949.95,1
2024-08-27,477003.15,24477.38,501480.52,1
2024-08-28,477003.15,24611.5,501614.65,1
2024-08-29,477003.15,24812.68,501815.83,1
2024-08-30,477003.15,25751.54,502754.69,1
2024-09-02,477003.15,25349.17,502352.32,1
2024-09-03,477003.15,25617.42,502620.57,1
2024-09-04,477003.15,25349.17,502352.32,1
2024-09-05,477003.15,25818.6,502821.75,1
2024-09-06,477003.15,25684.48,502687.63,1
2024-09-09,477003.15,25885.66,502888.81,1
2024-09-10,477003.15,25684.48,502687.63,1
2024-09-11,477003.15,24879.74,501882.89,1
2024-09-12,477003.15,24946.8,501949.95,1
2024-09-13,477003.15,25147.99,502151.14,1
2024-09-18,477003.15,25751.54,502754.69,1
2024-09-19,477003.15,26556.28,503559.42,1
2024-09-20,477003.15,26757.46,503760.61,1
2024-09-23,477003.15,26690.4,503693.55,1
2024-09-24,477003.15,28836.36,505839.51,1
2024-09-25,477003.15,29238.73,506241.88,1
2024-09-26,477003.15,30982.32,507985.47,1
2024-09-27,492908.71,15994.12,508902.83,1
2024-09-30,501666.66,8665.54,510332.2,1
2024-10-08,506371.66,4475.79,510847.45,1
2024-10-09,508499.63,2044.15,510543.78,1
2024-10-10,509468.39,1011.77,510480.16,1
2024-10-11,509971.4,498.2,510469.61,1
2024-10-14,510197.88,287.14,510485.03,1
2024-10-15,510311.86,167.53,510479.39,1
2024-10-16,510367.62,115.1,510482.73,1
2024-10-17,510425.34,55.6,510480.94,1
2024-10-18,510425.34,56.21,510481.55,1
2024-10-21,510425.34,55.72,510481.06,1
2024-10-22,510425.34,56.7,510482.04,1
2024-10-23,510425.34,56.45,510481.79,1
2024-10-24,510425.34,56.58,510481.92,1
2024-10-25,510425.34,57.67,510483.01,1
2024-10-28,510425.34,61.21,510486.55,1
2024-10-29,510425.34,58.77,510484.11,1
2024-10-30,510425.34,60.72,510486.06,1
2024-10-31,510425.34,62.18,510487.53,1
2024-11-01,510425.34,60.96,510486.31,1
2024-11-04,510425.34,63.89,510489.23,1
2024-11-05,510425.34,66.21,510491.55,1
2024-11-06,510425.34,66.21,510491.55,1
2024-11-07,510425.34,70.6,510495.94,1
2024-11-08,510425.34,66.57,510491.91,1
2024-11-11,510425.34,65.84,510491.18,1
2024-11-12,510425.34,65.23,510490.57,1
2024-11-13,510425.34,66.21,510491.55,1
2024-11-14,510425.34,64.26,510489.6,1
2024-11-15,510425.34,62.18,510487.53,1
2024-11-18,510425.34,62.92,510488.26,1
2024-11-19,510425.34,63.4,510488.74,1
2024-11-20,510425.34,64.62,510489.96,1
2024-11-21,510425.34,64.26,510489.6,1
2024-11-22,510425.34,62.31,510487.65,1
2024-11-25,510425.34,63.4,510488.74,1
2024-11-26,510425.34,63.53,510488.87,1
2024-11-27,510425.34,63.53,510488.87,1
2024-11-28,510425.34,65.11,510490.45,1
2024-11-29,510425.34,69.5,510494.84,1
2024-12-02,510425.34,68.77,510494.11,1
2024-12-03,510425.34,71.08,510496.43,1
2024-12-04,510425.34,69.74,510495.08,1
2024-12-05,510425.34,69.99,510495.33,1
2024-12-06,510425.34,71.45,510496.79,1
2024-12-09,510425.34,69.5,510494.84,1
2024-12-10,510425.34,69.38,510494.72,1
2024-12-11,510425.34,72.06,510497.4,1
2024-12-12,510425.34,79.25,510504.6,1
2024-12-13,510425.34,74.5,510499.84,1
2024-12-16,510425.34,72.3,510497.65,1
2024-12-17,510425.34,69.5,510494.84,1
2024-12-18,510425.34,68.77,510494.11,1
2024-12-19,510425.34,68.65,510493.99,1
2024-12-20,510425.34,67.43,510492.77,1
2024-12-23,510425.34,63.65,510488.99,1
2024-12-24,510425.34,63.77,510489.11,1
2024-12-25,510425.34,62.06,510487.4,1
2024-12-26,510425.34,62.43,510487.77,1
2024-12-27,510425.34,64.5,510489.84,1
2024-12-30,510425.34,62.79,510488.13,1
2024-12-31,510425.34,62.18,510487.53,1
2025-01-02,510425.34,61.94,510487.28,1
2025-01-03,510425.34,59.26,510484.6,1
2025-01-06,510425.34,59.01,510484.35,1
2025-01-07,510425.34,59.75,510485.09,1
2025-01-08,510425.34,60.11,510485.45,1
2025-01-09,510425.34,60.11,510485.45,1
2025-01-10,510425.34,58.4,510483.75,1
2025-01-13,510425.34,58.4,510483.75,1
2025-01-14,510425.34,59.99,510485.33,1
2025-01-15,510425.34,60.11,510485.45,1
2025-01-16,510425.34,60.48,510485.82,1
2025-01-17,510425.34,60.48,510485.82,1
2025-01-20,510425.34,61.21,510486.55,1
2025-01-21,510425.34,60.84,510486.18,1
2025-01-22,510425.34,59.14,510484.48,1
2025-01-23,510425.34,59.87,510485.21,1
2025-01-24,510425.34,59.62,510484.96,1
2025-01-27,510425.34,59.62,510484.96,1
2025-02-05,510425.34,60.48,510485.82,1
2025-02-06,510425.34,60.96,510486.31,1
2025-02-07,510425.34,61.7,510487.04,1
2025-02-10,510425.34,63.16,510488.5,1
2025-02-11,510425.34,62.43,510487.77,1
2025-02-12,510425.34,63.4,510488.74,1
2025-02-13,510425.34,63.04,510488.38,1
2025-02-14,510425.34,62.43,510487.77,1
2025-02-17,510425.34,63.04,510488.38,1
2025-02-18,510425.34,61.09,510486.43,1
2025-02-19,510425.34,61.7,510487.04,1
2025-02-20,510425.34,61.94,510487.28,1
2025-02-21,510425.34,61.33,510486.67,1
2025-02-24,510425.34,62.43,510487.77,1
2025-02-25,510425.34,61.7,510487.04,1
2025-02-26,510425.34,62.79,510488.13,1
2025-02-27,510425.34,62.79,510488.13,1
2025-02-28,510425.34,61.57,510486.92,1
2025-03-03,510425.34,61.7,510487.04,1
2025-03-04,510425.34,61.82,510487.16,1
2025-03-05,510425.34,60.72,510486.06,1
2025-03-06,510425.34,62.31,510487.65,1
2025-03-07,510425.34,61.09,510486.43,1
2025-03-10,510425.34,61.33,510486.67,1
2025-03-11,510425.34,61.45,510486.79,1
2025-03-12,510425.34,61.33,510486.67,1
2025-03-13,510425.34,60.72,510486.06,1
2025-03-14,510425.34,62.67,510488.01,1
2025-03-17,510425.34,63.65,510488.99,1
2025-03-18,510425.34,63.89,510489.23,1
2025-03-19,510425.34,63.16,510488.5,1
2025-03-20,510425.34,65.11,510490.45,1
2025-03-21,510425.34,64.01,510489.35,1
2025-03-24,510425.34,61.57,510486.92,1
2025-03-25,510425.34,61.94,510487.28,1
2025-03-26,510425.34,63.04,510488.38,1
2025-03-27,510425.34,62.55,510487.89,1
2025-03-28,510425.34,62.18,510487.53,1
2025-03-31,510425.34,60.96,510486.31,1
2025-04-01,510425.34,61.94,510487.28,1
2025-04-02,510425.34,61.7,510487.04,1
2025-04-03,510425.34,62.31,510487.65,1
2025-04-07,510425.34,56.33,510481.67,1
2025-04-08,510425.34,54.75,510480.09,1
2025-04-09,510425.34,57.31,510482.65,1
2025-04-10,510425.34,59.26,510484.6,1
2025-04-11,510425.34,58.89,510484.23,1
2025-04-14,510425.34,59.62,510484.96,1
2025-04-15,510425.34,59.26,510484.6,1
2025-04-16,510425.34,58.77,510484.11,1
2025-04-17,510425.34,60.6,510485.94,1
2025-04-18,510425.34,61.94,510487.28,1
2025-04-21,510425.34,61.94,510487.28,1
2025-04-22,510425.34,63.53,510488.87,1
2025-04-23,510425.34,63.28,510488.62,1
2025-04-24,510425.34,63.77,510489.11,1
2025-04-25,510425.34,63.77,510489.11,1
2025-04-28,510425.34,61.21,510486.55,1
2025-04-29,510425.34,61.82,510487.16,1
2025-04-30,510425.34,64.26,510489.6,1
2025-05-06,510425.34,64.5,510489.84,1
2025-05-07,510425.34,65.35,510490.7,1
2025-05-08,510425.34,65.35,510490.7,1
2025-05-09,510425.34,65.23,510490.57,1
2025-05-12,510425.34,64.74,510490.09,1
2025-05-13,510425.34,64.38,510489.72,1
2025-05-14,510425.34,65.23,510490.57,1
2025-05-15,510425.34,64.99,510490.33,1
2025-05-16,510425.34,64.5,510489.84,1
2025-05-19,510425.34,65.72,510491.06,1
2025-05-20,510425.34,65.6,510490.94,1
2025-05-21,510425.34,65.6,510490.94,1
2025-05-22,510425.34,64.5,510489.84,1
2025-05-23,510425.34,63.28,510488.62,1
2025-05-26,510425.34,63.77,510489.11,1
2025-05-27,510425.34,64.62,510489.96,1
2025-05-28,510425.34,64.62,510489.96,1
2025-05-29,510425.34,64.99,510490.33,1
2025-05-30,510425.34,65.6,510490.94,1
2025-06-03,510425.34,67.06,510492.4,1
2025-06-04,510425.34,70.96,510496.3,1
2025-06-05,510425.34,69.62,510494.96,1
2025-06-06,510425.34,69.13,510494.48,1
2025-06-09,510425.34,70.11,510495.45,1
2025-06-10,510425.34,69.74,510495.08,1
2025-06-11,510425.34,70.11,510495.45,1
2025-06-12,510425.34,73.28,510498.62,1
2025-06-13,510425.34,69.87,510495.21,1
2025-06-16,510425.34,74.13,510499.47,1
2025-06-17,510425.34,77.55,510502.89,1
2025-06-18,510425.34,69.99,510495.33,1
2025-06-19,510425.34,66.21,510491.55,1
2025-06-20,510425.34,65.48,510490.82,1
2025-06-23,510425.34,65.6,510490.94,1
2025-06-24,510425.34,66.94,510492.28,1
2025-06-25,510425.34,72.3,510497.65,1
2025-06-26,510425.34,70.72,510496.06,1
2025-06-27,510425.34,72.06,510497.4,1
2025-06-30,510425.34,71.45,510496.79,1
2025-07-01,510425.34,70.6,510495.94,1
2025-07-02,510425.34,70.72,510496.06,1
2025-07-03,510425.34,70.72,510496.06,1
2025-07-04,510425.34,70.48,510495.82,1
2025-07-07,510425.34,72.18,510497.52,1
2025-07-08,510425.34,72.67,510498.01,1
2025-07-09,510425.34,74.13,510499.47,1
2025-07-10,510425.34,75.96,510501.3,1
2025-07-11,510425.34,79.86,510505.2,1
2025-07-14,510425.34,75.47,510500.82,1
2025-07-15,510425.34,76.45,510501.79,1
2025-07-16,510425.34,75.6,510500.94,1
2025-07-17,510425.34,74.86,510500.21,1
2025-07-18,510425.34,74.38,510499.72,1
2025-07-21,510425.34,74.99,510500.33,1
2025-07-22,510425.34,74.99,510500.33,1
2025-07-23,510425.34,74.38,510499.72,1
2025-07-24,510425.34,74.5,510499.84,1
2025-07-25,510425.34,74.62,510499.96,1
2025-07-28,510425.34,74.26,510499.6,1
2025-07-29,510425.34,73.89,510499.23,1
2025-07-30,510425.34,73.4,510498.74,1
2025-07-31,510425.34,71.08,510496.43,1
2025-08-01,510425.34,71.57,510496.91,1
2025-08-04,510425.34,71.21,510496.55,1
2025-08-05,510425.34,72.19,510497.53,1
2025-08-06,510425.34,72.07,510497.41,1
2025-08-07,510425.34,72.43,510497.78,1
2025-08-08,510425.34,72.19,510497.53,1
2025-08-11,510425.34,73.05,510498.39,1
2025-08-12,510425.34,72.68,510498.02,1
2025-08-13,510425.34,72.93,510498.27,1
2025-08-14,510425.34,71.33,510496.67,1
2025-08-15,510425.34,73.54,510498.88,1
2025-08-18,510425.34,74.89,510500.23,1
2025-08-19,510425.34,73.91,510499.25,1
2025-08-20,510425.34,74.28,510499.62,1
2025-08-21,510425.34,74.52,510499.86,1
2025-08-22,510425.34,75.14,510500.48,1
2025-08-25,510425.34,77.1,510502.44,1
2025-08-26,510425.34,75.5,510500.84,1
2025-08-27,510425.34,72.93,510498.27,1
2025-08-28,510425.34,72.93,510498.27,1
2025-08-29,510425.34,72.56,510497.9,1
2025-09-01,510425.34,72.56,510497.9,1
2025-09-02,510425.34,71.21,510496.55,1
2025-09-03,510425.34,69.86,510495.2,1
2025-09-04,510425.34,69.73,510495.07,1
2025-09-05,510425.34,69.86,510495.2,1
2025-09-08,510425.34,70.96,510496.3,1
2025-09-09,510425.34,71.21,510496.55,1
2025-09-10,510425.34,71.33,510496.67,1
2025-09-11,510425.34,71.94,510497.28,1
2025-09-12,510425.34,73.54,510498.88,1
2025-09-15,510425.34,73.54,510498.88,1
2025-09-16,510425.34,74.28,510499.62,1
2025-09-17,510425.34,74.4,510499.74,1
2025-09-18,510425.34,71.82,510497.16,1
2025-09-19,510425.34,71.7,510497.04,1
2025-09-22,510425.34,70.47,510495.81,1
2025-09-23,510425.34,68.14,510493.48,1
2025-09-24,510425.34,69.73,510495.07,1
2025-09-25,510425.34,68.14,510493.48,1
2025-09-26,510425.34,68.26,510493.6,1
2025-09-29,510425.34,75.14,510500.48,1
2025-09-30,510425.34,74.64,510499.99,1
2025-10-09,510425.34,73.29,510498.63,1
2025-10-10,510425.34,74.28,510499.62,1
2025-10-13,510425.34,73.66,510499.0,1
2025-10-14,510425.34,74.64,510499.99,1
2025-10-15,510425.34,75.75,510501.09,1
2025-10-16,510425.34,74.77,510500.11,1
2025-10-17,510425.34,75.5,510500.84,1
2025-10-20,510425.34,76.36,510501.7,1
2025-10-21,510425.34,78.08,510503.42,1
2025-10-22,510425.34,79.06,510504.41,1
2025-10-23,510425.34,77.47,510502.81,1
2025-10-24,510425.34,75.75,510501.09,1
2025-10-27,510425.34,75.14,510500.48,1
2025-10-28,510425.34,75.38,510500.72,1
2025-10-29,510425.34,74.77,510500.11,1
2025-10-30,510425.34,74.03,510499.37,1
2025-10-31,510425.34,74.77,510500.11,1
2025-11-03,510425.34,74.4,510499.74,1
2025-11-04,510425.34,73.79,510499.13,1
2025-11-05,510425.34,74.15,510499.49,1
2025-11-06,510425.34,73.91,510499.25,1
2025-11-07,510425.34,73.29,510498.63,1
2025-11-10,510425.34,74.77,510500.11,1
2025-11-11,510425.34,75.14,510500.48,1
2025-11-12,510425.34,75.01,510500.35,1
2025-11-13,510425.34,75.63,510500.97,1
2025-11-14,510425.34,76.36,510501.7,1
2025-11-17,510425.34,79.31,510504.65,1
2025-11-18,510425.34,77.59,510502.93,1
2025-11-19,510425.34,75.01,510500.35,1
2025-11-20,510425.34,74.64,510499.99,1
2025-11-21,510425.34,70.47,510495.81,1
2025-11-24,510425.34,71.08,510496.43,1
2025-11-25,510425.34,71.21,510496.55,1
2025-11-26,510425.34,70.47,510495.81,1
2025-11-27,510425.34,70.96,510496.3,1
2025-11-28,510425.34,71.94,510497.28,1
2025-12-01,510425.34,72.31,510497.65,1
2025-12-02,510425.34,72.8,510498.14,1
2025-12-03,510425.34,72.31,510497.65,1
2025-12-04,510425.34,71.08,510496.43,1
2025-12-05,510425.34,71.82,510497.16,1
2025-12-08,510425.34,72.93,510498.27,1
2025-12-09,510425.34,71.7,510497.04,1
2025-12-10,510425.34,71.33,510496.67,1
2025-12-11,510425.34,68.14,510493.48,1
2025-12-12,510425.34,68.38,510493.72,1
2025-12-15,510425.34,68.26,510493.6,1
2025-12-16,510425.34,68.63,510493.97,1
2025-12-17,510425.34,68.51,510493.85,1
2025-12-18,510425.34,69.24,510494.58,1
2025-12-19,510425.34,70.84,510496.18,1
2025-12-22,510425.34,73.05,510498.39,1
2025-12-23,510425.34,71.45,510496.79,1
2025-12-24,510425.34,71.58,510496.92,1
2025-12-25,510425.34,74.64,510499.99,1
2025-12-26,510425.34,75.99,510501.34,1
2025-12-29,510425.34,75.38,510500.72,1
2025-12-30,510425.34,75.5,510500.84,1
2025-12-31,510425.34,79.43,510504.77,1
2026-01-05,510425.34,79.68,510505.02,1
2026-01-06,510425.34,81.64,510506.98,1
2026-01-07,510425.34,81.77,510507.11,1
2026-01-08,510425.34,81.64,510506.98,1
2026-01-09,510425.34,82.99,510508.33,1
2026-01-12,510425.34,83.48,510508.82,1
2026-01-13,510425.34,84.83,510510.18,1
2026-01-14,510425.34,86.31,510511.65,1
2026-01-15,510425.34,87.66,510513.0,1
2026-01-16,510425.34,85.33,510510.67,1
2026-01-19,510425.34,89.25,510514.6,1
2026-01-20,510425.34,89.62,510514.96,1
2026-01-21,510425.34,90.6,510515.95,1
2026-01-22,510425.34,90.11,510515.45,1
2026-01-23,510425.34,88.64,510513.98,1
2026-01-26,510425.34,88.76,510514.1,1
2026-01-27,510425.34,91.96,510517.3,1
2026-01-28,510425.34,88.89,510514.23,1
2026-01-29,510425.34,89.62,510514.96,1
2026-01-30,510425.34,91.96,510517.3,1
2026-02-02,510425.34,88.27,510513.61,1
2026-02-03,510425.34,89.87,510515.21,1
2026-02-04,510425.34,90.85,510516.19,1
2026-02-05,510425.34,88.89,510514.23,1
2026-02-06,510425.34,87.41,510512.75,1
2026-02-09,510425.34,86.43,510511.77,1
2026-02-10,510425.34,86.43,510511.77,1
2026-02-11,510425.34,87.41,510512.75,1
2026-02-12,510425.34,88.64,510513.98,1
2026-02-13,510425.34,88.03,510513.37,1
2026-02-24,510425.34,86.68,510512.02,1
2026-02-25,510425.34,89.25,510514.6,1
2026-02-26,510425.34,85.57,510510.91,1
2026-02-27,510425.34,84.59,510509.93,1
2026-03-02,510425.34,82.99,510508.33,1
2026-03-03,510425.34,80.78,510506.12,1
2026-03-04,510425.34,80.41,510505.76,1
2026-03-05,510425.34,82.13,510507.47,1
2026-03-06,510425.34,83.98,510509.32,1
2026-03-09,510425.34,82.26,510507.6,1
2026-03-10,510425.34,81.77,510507.11,1
2026-03-11,510425.34,79.06,510504.41,1
2026-03-12,510425.34,79.06,510504.41,1
2026-03-13,510425.34,79.19,510504.53,1
2026-03-16,510425.34,80.05,510505.39,1
2026-03-17,510425.34,81.52,510506.86,1
2026-03-18,510425.34,79.8,510505.14,1
2026-03-19,510425.34,78.08,510503.42,1
2026-03-20,510425.34,76.61,510501.95,1
2026-03-23,510425.34,70.72,510496.06,1
2026-03-24,510425.34,73.54,510498.88,1
2026-03-25,510425.34,74.52,510499.86,1
2026-03-26,510425.34,72.68,510498.02,1
2026-03-27,510425.34,74.03,510499.37,1
2026-03-30,510425.34,73.91,510499.25,1
2026-03-31,510425.34,73.17,510498.51,1
2026-04-01,510425.34,73.54,510498.88,1
2026-04-02,510425.34,72.07,510497.41,1
2026-04-03,510425.34,70.47,510495.81,1
2026-04-07,510425.34,72.56,510497.9,1
2026-04-08,510425.34,73.91,510499.25,1
2026-04-09,510425.34,72.56,510497.9,1
2026-04-10,510425.34,73.54,510498.88,1
2026-04-13,510425.34,73.79,510499.13,1
2026-04-14,510425.34,75.14,510500.48,1
2026-04-15,510425.34,73.42,510498.76,1
2026-04-16,510425.34,73.42,510498.76,1
2026-04-17,510425.34,73.05,510498.39,1
2026-04-20,510425.34,73.42,510498.76,1
2026-04-21,510425.34,73.17,510498.51,1
2026-04-22,510425.34,78.45,510503.79,1
2026-04-23,510425.34,79.56,510504.9,1
2026-04-24,510425.34,76.61,510501.95,1
2026-04-27,510425.34,75.99,510501.34,1
2026-04-28,510425.34,74.28,510499.62,1
2026-04-29,510425.34,75.26,510500.6,1
2026-04-30,510425.34,76.73,510502.07,1
2026-05-06,510425.34,76.98,510502.32,1
2026-05-07,510425.34,76.49,510501.83,1
2026-05-08,510425.34,77.59,510502.93,1
2026-05-11,510425.34,78.2,510503.55,1
2026-05-12,510425.34,79.8,510505.14,1
2026-05-13,510425.34,79.43,510504.77,1
2026-05-14,510425.34,76.24,510501.58,1
2026-05-15,510425.34,74.15,510499.49,1
2026-05-18,510425.34,75.14,510500.48,1
2026-05-19,510425.34,75.5,510500.84,1
2026-05-20,510425.34,74.4,510499.74,1
2026-05-21,510425.34,70.22,510495.57,1
2026-05-22,510425.34,71.21,510496.55,1
2026-05-25,510425.34,70.59,510495.93,1
2026-05-26,510425.34,69.73,510495.07,1
2026-05-27,510425.34,67.52,510492.86,1
2026-05-28,510425.34,71.45,510496.79,1
2026-05-29,510425.34,69.37,510494.71,1
2026-06-01,510425.34,71.82,510497.16,1
2026-06-02,510425.34,69.98,510495.32,1
2026-06-03,510425.34,67.28,510492.62,1
2026-06-04,510425.34,65.93,510491.27,1
2026-06-05,510425.34,65.81,510491.15,1
2026-06-08,510425.34,64.33,510489.67,1
2026-06-09,411756.82,98429.15,510185.97,3
2026-06-10,313579.59,196700.0,510279.59,4
2026-06-11,214260.83,297112.0,511372.83,6
2026-06-12,115838.4,403488.0,519326.4,8
2026-06-15,17347.93,515256.0,532603.93,10
2026-06-16,17347.93,514873.0,532220.93,10
2026-06-17,17347.93,510945.0,528292.93,10
2026-06-18,17347.93,495973.0,513320.93,10
2026-06-22,17347.93,480347.0,497694.93,10
2026-06-23,60354.8,434719.0,495073.8,9
2026-06-24,11761.8,464534.0,476295.8,10
2026-06-25,139463.18,329467.0,468930.18,7
2026-06-26,84444.95,379936.0,464380.95,8
2026-06-29,3472.61,461402.0,464874.61,10
2026-06-30,91598.49,370554.0,462152.49,8
2026-07-01,4274.94,467818.0,472092.94,10
2026-07-02,4274.94,467234.0,471508.94,10
2026-07-03,4274.94,472730.0,477004.94,10
2026-07-06,4274.94,468803.0,473077.94,10
2026-07-07,4274.94,459825.0,464099.94,10
2026-07-08,4274.94,459856.0,464130.94,10
2026-07-09,4274.94,456293.0,460567.94,10
2026-07-10,4274.94,464825.0,469099.94,10
2026-07-13,4274.94,462548.0,466822.94,10
2026-07-14,49889.28,418038.0,467927.28,9
2026-07-15,4995.57,466028.0,471023.57,10
2026-07-16,4995.57,466804.0,471799.57,10
2026-07-17,4995.57,456978.0,461973.57,10
2026-07-20,38972.65,426278.0,465250.65,9
