风控模式,TOP_N,时段,月数,总收益率,年化收益率,夏普比率,最大回撤,月胜率,交易笔数,月均换手率,胜率(笔),终值
M0,10,全周期70月,69,-0.3661,-0.0794,-0.45,-0.4236,0.4203,1350,9.8,0.4311,316675.91
M1,10,全周期70月,69,-0.3661,-0.0794,-0.45,-0.4236,0.4203,1350,9.8,0.4311,316675.91
M2,10,全周期70月,69,-0.3531,-0.076,-0.44,-0.4243,0.4348,1352,9.8,0.4305,323152.33
M3,10,全周期70月,69,-0.3805,-0.0833,-0.46,-0.4236,0.4203,1336,9.7,0.4296,309480.12
M4,10,全周期70月,69,-0.2787,-0.0576,-0.32,-0.3919,0.4203,1348,9.8,0.4318,360369.86
M5,10,全周期70月,69,-0.3019,-0.0632,-0.35,-0.3919,0.4203,1334,9.7,0.4303,348788.88
M0,15,全周期70月,69,-0.2647,-0.0543,-0.35,-0.4024,0.4348,2024,14.7,0.4427,367406.57
M1,15,全周期70月,69,-0.2647,-0.0543,-0.35,-0.4024,0.4348,2024,14.7,0.4427,367406.57
M2,15,全周期70月,69,-0.2462,-0.05,-0.35,-0.404,0.4348,2022,14.7,0.4431,376628.29
M3,15,全周期70月,69,-0.2519,-0.0513,-0.34,-0.4024,0.4493,2002,14.5,0.4416,373776.05
M4,15,全周期70月,69,-0.2878,-0.0598,-0.37,-0.3676,0.4348,2008,14.6,0.4452,355827.53
M5,15,全周期70月,69,-0.2946,-0.0614,-0.38,-0.3676,0.4348,1986,14.4,0.4441,352458.86
M0,20,全周期70月,69,-0.2217,-0.0445,-0.31,-0.4159,0.4493,2704,19.6,0.4423,388874.9
M1,20,全周期70月,69,-0.2217,-0.0445,-0.31,-0.4159,0.4493,2704,19.6,0.4423,388874.9
M2,20,全周期70月,69,-0.1962,-0.0389,-0.29,-0.4145,0.4348,2700,19.6,0.443,401630.06
M3,20,全周期70月,69,-0.2058,-0.041,-0.29,-0.4159,0.4493,2676,19.4,0.4417,396835.16
M4,20,全周期70月,69,-0.2579,-0.0527,-0.35,-0.3592,0.4348,2668,19.3,0.443,370791.78
M5,20,全周期70月,69,-0.2557,-0.0522,-0.35,-0.3592,0.4348,2640,19.1,0.4424,371873.11
M0,25,全周期70月,69,-0.1122,-0.0214,-0.18,-0.4183,0.4638,3384,24.5,0.4504,443625.84
M1,25,全周期70月,69,-0.1122,-0.0214,-0.18,-0.4183,0.4638,3384,24.5,0.4504,443625.84
M2,25,全周期70月,69,-0.0669,-0.0125,-0.14,-0.4053,0.4493,3380,24.5,0.4509,466238.64
M3,25,全周期70月,69,-0.107,-0.0203,-0.18,-0.4183,0.4638,3344,24.2,0.4504,446220.49
M4,25,全周期70月,69,-0.1955,-0.0387,-0.28,-0.372,0.4493,3296,23.9,0.4515,402009.35
M5,25,全周期70月,69,-0.1878,-0.0371,-0.27,-0.372,0.4493,3256,23.6,0.4515,405825.4
