配置,2020-10,2020-11,2020-12,2021-01,2021-02,2021-03,2021-04,2021-05,2021-06,2021-07,2021-08,2021-09,2021-10,2021-11,2021-12,2022-01,2022-02,2022-03,2022-04,2022-05,2022-06,2022-07,2022-08,2022-09,2022-10,2022-11,2022-12,2023-01,2023-02,2023-03,2023-04,2023-05,2023-06,2023-07,2023-08,2023-09,2023-10,2023-11,2023-12,2024-01,2024-02,2024-03,2024-04,2024-05,2024-06,2024-07,2024-08,2024-09,2024-10,2024-11,2024-12,2025-01,2025-02,2025-03,2025-04,2025-05,2025-06,2025-07,2025-08,2025-09,2025-10,2025-11,2025-12,2026-01,2026-02,2026-03,2026-04,2026-05,2026-06
M0_T10_全周期70月,-0.0317,+0.0616,-0.0072,-0.1106,-0.0097,+0.0047,-0.0100,+0.1051,+0.0155,-0.0751,+0.2138,-0.0417,-0.0223,+0.0041,+0.0477,-0.0819,+0.0028,-0.0795,-0.0856,+0.0470,+0.0725,+0.2291,-0.0573,-0.1048,+0.0224,+0.1052,-0.0617,+0.0246,+0.0562,-0.0836,+0.0374,-0.1068,-0.0227,-0.0916,-0.0059,-0.0131,-0.0401,+0.0018,-0.0338,-0.1220,-0.0298,+0.0289,-0.0594,-0.0127,-0.0683,-0.0090,+0.0468,+0.1623,+0.1791,+0.0811,-0.0866,+0.0089,+0.0548,+0.0417,-0.0918,+0.0491,+0.0715,+0.0548,+0.1315,+0.0508,-0.0875,-0.0477,-0.0215,+0.1762,+0.0801,-0.0977,+0.1351,+0.0489,+0.2245
M0_T15_全周期70月,-0.0227,+0.0397,-0.0150,-0.0682,-0.0035,-0.0141,-0.0288,+0.1119,+0.0251,+0.0557,+0.1904,-0.0300,-0.0302,-0.0236,+0.0288,-0.0767,+0.0115,-0.0727,-0.1049,+0.0745,+0.0435,+0.1594,-0.0497,-0.0747,+0.0327,+0.1360,-0.0536,+0.0364,+0.0449,-0.0642,+0.0259,-0.0910,-0.0489,-0.0915,-0.0067,-0.0184,-0.0583,+0.0444,-0.0541,-0.0986,-0.0008,+0.0189,-0.0673,-0.0167,-0.0636,-0.0102,+0.0215,+0.2023,+0.1122,+0.1108,-0.0968,+0.0267,+0.1104,+0.0125,-0.1166,+0.0407,+0.0488,+0.0198,+0.1328,+0.0359,-0.0261,-0.0381,-0.0098,+0.0901,+0.0806,-0.1083,+0.1092,+0.0135,+0.1972
M0_T20_全周期70月,-0.0275,+0.0521,+0.0086,-0.0590,+0.0015,-0.0299,-0.0296,+0.0909,+0.0106,+0.0790,+0.1721,-0.0047,-0.0201,-0.0267,+0.0361,-0.0848,+0.0159,-0.0599,-0.0997,+0.0596,+0.0362,+0.1804,-0.0531,-0.0638,+0.0300,+0.1206,-0.0580,+0.0490,+0.0353,-0.0507,+0.0181,-0.0650,-0.0435,-0.0872,-0.0135,-0.0201,-0.0536,+0.0418,-0.0611,-0.0902,-0.0134,+0.0216,-0.0436,-0.0141,-0.0709,-0.0060,-0.0013,+0.1964,+0.0903,+0.1272,-0.0916,+0.0148,+0.1029,+0.0109,-0.1112,+0.0335,+0.0570,+0.0188,+0.1072,+0.0129,-0.0179,-0.0530,-0.0317,+0.0770,+0.1057,-0.1100,+0.1334,+0.0411,+0.1665
M0_T25_全周期70月,-0.0340,+0.0527,+0.0026,-0.0458,-0.0069,-0.0413,-0.0252,+0.0479,+0.0103,+0.0902,+0.1565,+0.0043,-0.0258,-0.0041,+0.0199,-0.0826,+0.0153,-0.0571,-0.1070,+0.0700,+0.0331,+0.1687,-0.0423,-0.0758,+0.0190,+0.1043,-0.0601,+0.0459,+0.0326,-0.0329,+0.0391,-0.0749,-0.0346,-0.0487,-0.0276,-0.0188,-0.0447,+0.0541,-0.0706,-0.0818,-0.0086,+0.0174,-0.0195,-0.0096,-0.0659,-0.0170,-0.0017,+0.1948,+0.0611,+0.1188,-0.0986,+0.0169,+0.0988,+0.0148,-0.1170,+0.0283,+0.0525,+0.0111,+0.1372,-0.0075,-0.0294,-0.0369,-0.0294,+0.0726,+0.1081,-0.1057,+0.1322,+0.0061,+0.1272
M1_T10_全周期70月,-0.0317,+0.0616,-0.0072,-0.1106,-0.0097,+0.0047,-0.0100,+0.1051,+0.0155,-0.0751,+0.2138,-0.0417,-0.0223,+0.0041,+0.0477,-0.0819,+0.0028,-0.0795,-0.0856,+0.0470,+0.0725,+0.2291,-0.0573,-0.1048,+0.0224,+0.1052,-0.0617,+0.0246,+0.0562,-0.0836,+0.0374,-0.1068,-0.0227,-0.0916,-0.0059,-0.0131,-0.0401,+0.0018,-0.0338,-0.1220,-0.0298,+0.0289,-0.0594,-0.0127,-0.0683,-0.0090,+0.0468,+0.1623,+0.1791,+0.0811,-0.0866,+0.0089,+0.0548,+0.0417,-0.0918,+0.0491,+0.0715,+0.0548,+0.1315,+0.0508,-0.0875,-0.0477,-0.0215,+0.1762,+0.0801,-0.0977,+0.1351,+0.0489,+0.2245
M1_T15_全周期70月,-0.0227,+0.0397,-0.0150,-0.0682,-0.0035,-0.0141,-0.0288,+0.1119,+0.0251,+0.0557,+0.1904,-0.0300,-0.0302,-0.0236,+0.0288,-0.0767,+0.0115,-0.0727,-0.1049,+0.0745,+0.0435,+0.1594,-0.0497,-0.0747,+0.0327,+0.1360,-0.0536,+0.0364,+0.0449,-0.0642,+0.0259,-0.0910,-0.0489,-0.0915,-0.0067,-0.0184,-0.0583,+0.0444,-0.0541,-0.0986,-0.0008,+0.0189,-0.0673,-0.0167,-0.0636,-0.0102,+0.0215,+0.2023,+0.1122,+0.1108,-0.0968,+0.0267,+0.1104,+0.0125,-0.1166,+0.0407,+0.0488,+0.0198,+0.1328,+0.0359,-0.0261,-0.0381,-0.0098,+0.0901,+0.0806,-0.1083,+0.1092,+0.0135,+0.1972
M1_T20_全周期70月,-0.0275,+0.0521,+0.0086,-0.0590,+0.0015,-0.0299,-0.0296,+0.0909,+0.0106,+0.0790,+0.1721,-0.0047,-0.0201,-0.0267,+0.0361,-0.0848,+0.0159,-0.0599,-0.0997,+0.0596,+0.0362,+0.1804,-0.0531,-0.0638,+0.0300,+0.1206,-0.0580,+0.0490,+0.0353,-0.0507,+0.0181,-0.0650,-0.0435,-0.0872,-0.0135,-0.0201,-0.0536,+0.0418,-0.0611,-0.0902,-0.0134,+0.0216,-0.0436,-0.0141,-0.0709,-0.0060,-0.0013,+0.1964,+0.0903,+0.1272,-0.0916,+0.0148,+0.1029,+0.0109,-0.1112,+0.0335,+0.0570,+0.0188,+0.1072,+0.0129,-0.0179,-0.0530,-0.0317,+0.0770,+0.1057,-0.1100,+0.1334,+0.0411,+0.1665
M1_T25_全周期70月,-0.0340,+0.0527,+0.0026,-0.0458,-0.0069,-0.0413,-0.0252,+0.0479,+0.0103,+0.0902,+0.1565,+0.0043,-0.0258,-0.0041,+0.0199,-0.0826,+0.0153,-0.0571,-0.1070,+0.0700,+0.0331,+0.1687,-0.0423,-0.0758,+0.0190,+0.1043,-0.0601,+0.0459,+0.0326,-0.0329,+0.0391,-0.0749,-0.0346,-0.0487,-0.0276,-0.0188,-0.0447,+0.0541,-0.0706,-0.0818,-0.0086,+0.0174,-0.0195,-0.0096,-0.0659,-0.0170,-0.0017,+0.1948,+0.0611,+0.1188,-0.0986,+0.0169,+0.0988,+0.0148,-0.1170,+0.0283,+0.0525,+0.0111,+0.1372,-0.0075,-0.0294,-0.0369,-0.0294,+0.0726,+0.1081,-0.1057,+0.1322,+0.0061,+0.1272
M2_T10_全周期70月,-0.0251,+0.0564,-0.0090,-0.1038,-0.0095,+0.0052,-0.0119,+0.0953,+0.0014,-0.0724,+0.2162,-0.0413,-0.0216,+0.0052,+0.0441,-0.0826,-0.0010,-0.0745,-0.0851,+0.0501,+0.0739,+0.2287,-0.0578,-0.1040,+0.0174,+0.0985,-0.0595,+0.0277,+0.0557,-0.0775,+0.0293,-0.1062,-0.0241,-0.0906,-0.0132,-0.0118,-0.0370,+0.0029,-0.0310,-0.1224,-0.0125,+0.0258,-0.0594,-0.0139,-0.0631,-0.0126,+0.0202,+0.1663,+0.1792,+0.0822,-0.0867,+0.0104,+0.0539,+0.0377,-0.0888,+0.0463,+0.0705,+0.0541,+0.1206,+0.0529,-0.0885,-0.0482,-0.0184,+0.1695,+0.0812,-0.0979,+0.1363,+0.0481,+0.2197
M2_T15_全周期70月,-0.0181,+0.0358,-0.0182,-0.0609,-0.0035,-0.0107,-0.0296,+0.1087,+0.0146,+0.0331,+0.1921,-0.0298,-0.0301,-0.0220,+0.0237,-0.0770,+0.0093,-0.0693,-0.1036,+0.0779,+0.0439,+0.1600,-0.0499,-0.0748,+0.0307,+0.1226,-0.0508,+0.0389,+0.0380,-0.0500,+0.0202,-0.0894,-0.0470,-0.0926,-0.0130,-0.0170,-0.0559,+0.0541,-0.0528,-0.0896,+0.0172,+0.0179,-0.0657,-0.0182,-0.0631,-0.0120,+0.0053,+0.2052,+0.1117,+0.1115,-0.0976,+0.0237,+0.1053,+0.0077,-0.1158,+0.0405,+0.0495,+0.0185,+0.1244,+0.0382,-0.0260,-0.0378,-0.0133,+0.0920,+0.0807,-0.1069,+0.1060,+0.0142,+0.2004
M2_T20_全周期70月,-0.0245,+0.0457,+0.0067,-0.0590,+0.0016,-0.0287,-0.0370,+0.0874,+0.0045,+0.0791,+0.1759,-0.0028,-0.0204,-0.0223,+0.0328,-0.0838,+0.0152,-0.0563,-0.0981,+0.0643,+0.0361,+0.1813,-0.0536,-0.0636,+0.0316,+0.1087,-0.0576,+0.0517,+0.0261,-0.0434,+0.0143,-0.0645,-0.0443,-0.0871,-0.0225,-0.0186,-0.0490,+0.0458,-0.0602,-0.0826,+0.0074,+0.0199,-0.0425,-0.0120,-0.0730,-0.0072,-0.0132,+0.1969,+0.0909,+0.1271,-0.0917,+0.0117,+0.1003,+0.0087,-0.1096,+0.0329,+0.0566,+0.0183,+0.1022,+0.0145,-0.0189,-0.0533,-0.0327,+0.0772,+0.1065,-0.1087,+0.1235,+0.0409,+0.1621
M2_T25_全周期70月,-0.0322,+0.0508,+0.0007,-0.0454,-0.0071,-0.0425,-0.0263,+0.0392,+0.0029,+0.0965,+0.1459,+0.0054,-0.0258,-0.0008,+0.0183,-0.0814,+0.0132,-0.0551,-0.1066,+0.0721,+0.0343,+0.1658,-0.0418,-0.0764,+0.0206,+0.0963,-0.0574,+0.0490,+0.0276,-0.0295,+0.0368,-0.0758,-0.0361,-0.0492,-0.0350,-0.0181,-0.0394,+0.0562,-0.0681,-0.0706,+0.0134,+0.0121,-0.0197,-0.0106,-0.0619,-0.0168,-0.0105,+0.1995,+0.0609,+0.1181,-0.0985,+0.0160,+0.0932,+0.0114,-0.1124,+0.0277,+0.0531,+0.0114,+0.1298,-0.0111,-0.0303,-0.0382,-0.0283,+0.0732,+0.1090,-0.1043,+0.1242,+0.0064,+0.1187
M3_T10_全周期70月,-0.0317,+0.0616,-0.0072,-0.1106,-0.0097,+0.0047,-0.0100,+0.1051,+0.0155,-0.0751,+0.2138,-0.0417,-0.0223,+0.0041,+0.0477,-0.0819,+0.0028,-0.0795,-0.0856,+0.0470,+0.0725,+0.2291,-0.0573,-0.1048,+0.0224,+0.1052,-0.0617,+0.0246,+0.0562,-0.0836,+0.0374,-0.1068,-0.0227,-0.0916,-0.0059,-0.0131,-0.0401,+0.0018,-0.0338,-0.1220,-0.0298,+0.0289,-0.0594,-0.0127,-0.0683,-0.0090,+0.0468,+0.1623,+0.1731,+0.0546,-0.0866,+0.0104,+0.0547,+0.0401,-0.0903,+0.0484,+0.0709,+0.0548,+0.1321,+0.0502,-0.0897,-0.0480,-0.0211,+0.1800,+0.0812,-0.0964,+0.1341,+0.0489,+0.2295
M3_T15_全周期70月,-0.0227,+0.0397,-0.0150,-0.0682,-0.0035,-0.0141,-0.0288,+0.1119,+0.0251,+0.0557,+0.1904,-0.0300,-0.0302,-0.0236,+0.0288,-0.0767,+0.0115,-0.0727,-0.1049,+0.0745,+0.0435,+0.1594,-0.0497,-0.0747,+0.0327,+0.1360,-0.0536,+0.0364,+0.0449,-0.0642,+0.0259,-0.0910,-0.0489,-0.0915,-0.0067,-0.0184,-0.0583,+0.0444,-0.0541,-0.0986,-0.0008,+0.0189,-0.0673,-0.0167,-0.0636,-0.0102,+0.0215,+0.2023,+0.2505,+0.0544,-0.0972,+0.0254,+0.1071,+0.0126,-0.1160,+0.0414,+0.0497,+0.0204,+0.1335,+0.0428,-0.0248,-0.0394,-0.0088,+0.0971,+0.0855,-0.1089,+0.1078,+0.0212,+0.1903
M3_T20_全周期70月,-0.0275,+0.0521,+0.0086,-0.0590,+0.0015,-0.0299,-0.0296,+0.0909,+0.0106,+0.0790,+0.1721,-0.0047,-0.0201,-0.0267,+0.0361,-0.0848,+0.0159,-0.0599,-0.0997,+0.0596,+0.0362,+0.1804,-0.0531,-0.0638,+0.0300,+0.1206,-0.0580,+0.0490,+0.0353,-0.0507,+0.0181,-0.0650,-0.0435,-0.0872,-0.0135,-0.0201,-0.0536,+0.0418,-0.0611,-0.0902,-0.0134,+0.0216,-0.0436,-0.0141,-0.0709,-0.0060,-0.0013,+0.1964,+0.1795,+0.0811,-0.0914,+0.0151,+0.1032,+0.0112,-0.1101,+0.0328,+0.0573,+0.0186,+0.1057,+0.0209,-0.0186,-0.0521,-0.0285,+0.0764,+0.1050,-0.1098,+0.1376,+0.0377,+0.1670
M3_T25_全周期70月,-0.0340,+0.0527,+0.0026,-0.0458,-0.0069,-0.0413,-0.0252,+0.0479,+0.0103,+0.0902,+0.1565,+0.0043,-0.0258,-0.0041,+0.0199,-0.0826,+0.0153,-0.0571,-0.1070,+0.0700,+0.0331,+0.1687,-0.0423,-0.0758,+0.0190,+0.1043,-0.0601,+0.0459,+0.0326,-0.0329,+0.0391,-0.0749,-0.0346,-0.0487,-0.0276,-0.0188,-0.0447,+0.0541,-0.0706,-0.0818,-0.0086,+0.0174,-0.0195,-0.0096,-0.0659,-0.0170,-0.0017,+0.1948,+0.1483,+0.1135,-0.0974,+0.0152,+0.0971,+0.0155,-0.1166,+0.0285,+0.0522,+0.0125,+0.1384,-0.0065,-0.0287,-0.0389,-0.0292,+0.0813,+0.1044,-0.1065,+0.1360,+0.0074,+0.1231
M4_T10_全周期70月,-0.0387,+0.0424,-0.0048,-0.1194,-0.0045,-0.0039,+0.0064,+0.0720,-0.0428,-0.0422,+0.2423,-0.0337,-0.0405,-0.0118,+0.0445,-0.0617,+0.0024,-0.0766,-0.0768,+0.0712,+0.0894,+0.2664,-0.0456,-0.0986,+0.0313,+0.1177,-0.0659,+0.0339,+0.0616,-0.0940,+0.0944,-0.0741,-0.0764,-0.1107,+0.0127,-0.0114,-0.0334,+0.0052,-0.0072,-0.1239,-0.0277,+0.0374,-0.0696,-0.0232,-0.0568,-0.0145,+0.1212,+0.0786,+0.2166,+0.0659,-0.0727,+0.0029,+0.0612,+0.0765,-0.0944,+0.0558,+0.0345,+0.0527,+0.0656,+0.0971,-0.0948,-0.0101,-0.0239,+0.1737,+0.1254,-0.0712,+0.1292,+0.0048,+0.2227
M4_T15_全周期70月,-0.0284,+0.0463,-0.0120,-0.1035,-0.0032,-0.0021,-0.0098,+0.0856,-0.0159,-0.0209,+0.2104,-0.0397,-0.0335,-0.0103,+0.0408,-0.0697,+0.0051,-0.0729,-0.0846,+0.0645,+0.0679,+0.2246,-0.0521,-0.0919,+0.0273,+0.1206,-0.0610,+0.0321,+0.0530,-0.0801,+0.0535,-0.0868,-0.0604,-0.1020,+0.0043,-0.0138,-0.0446,+0.0190,-0.0286,-0.1139,-0.0141,+0.0283,-0.0716,-0.0162,-0.0577,-0.0111,+0.0713,+0.1427,+0.1692,+0.0867,-0.0838,+0.0129,+0.0725,+0.0474,-0.1024,+0.0474,+0.0490,+0.0401,+0.1023,+0.0720,-0.0673,-0.0304,-0.0166,+0.1487,+0.0977,-0.0871,+0.1243,+0.0183,+0.1972
M4_T20_全周期70月,-0.0264,+0.0475,-0.0088,-0.0849,-0.0088,-0.0126,-0.0175,+0.0892,+0.0005,+0.0208,+0.1847,-0.0256,-0.0329,-0.0168,+0.0359,-0.0749,+0.0099,-0.0674,-0.0928,+0.0623,+0.0532,+0.2114,-0.0531,-0.0841,+0.0307,+0.1231,-0.0584,+0.0364,+0.0487,-0.0679,+0.0386,-0.0822,-0.0531,-0.0934,-0.0026,-0.0159,-0.0494,+0.0291,-0.0397,-0.1075,-0.0111,+0.0240,-0.0642,-0.0163,-0.0616,-0.0115,+0.0435,+0.1700,+0.1429,+0.0997,-0.0874,+0.0131,+0.0866,+0.0323,-0.1066,+0.0418,+0.0508,+0.0283,+0.1120,+0.0466,-0.0534,-0.0370,-0.0184,+0.1197,+0.1077,-0.0939,+0.1247,+0.0248,+0.1960
M4_T25_全周期70月,-0.0278,+0.0465,-0.0008,-0.0741,-0.0066,-0.0165,-0.0195,+0.0782,+0.0042,+0.0398,+0.1663,-0.0135,-0.0299,-0.0160,+0.0327,-0.0764,+0.0109,-0.0649,-0.0985,+0.0633,+0.0494,+0.1998,-0.0513,-0.0785,+0.0294,+0.1179,-0.0583,+0.0406,+0.0454,-0.0622,+0.0376,-0.0770,-0.0492,-0.0840,-0.0075,-0.0166,-0.0473,+0.0349,-0.0511,-0.1002,-0.0100,+0.0227,-0.0524,-0.0127,-0.0652,-0.0113,+0.0276,+0.1772,+0.1175,+0.1054,-0.0904,+0.0133,+0.0920,+0.0235,-0.1065,+0.0368,+0.0508,+0.0230,+0.1179,+0.0393,-0.0430,-0.0415,-0.0212,+0.1035,+0.1061,-0.0994,+0.1211,+0.0221,+0.1535
M5_T10_全周期70月,-0.0387,+0.0424,-0.0048,-0.1194,-0.0045,-0.0039,+0.0064,+0.0720,-0.0428,-0.0422,+0.2423,-0.0337,-0.0405,-0.0118,+0.0445,-0.0617,+0.0024,-0.0766,-0.0768,+0.0712,+0.0894,+0.2664,-0.0456,-0.0986,+0.0313,+0.1177,-0.0659,+0.0339,+0.0616,-0.0940,+0.0944,-0.0741,-0.0764,-0.1107,+0.0127,-0.0114,-0.0334,+0.0052,-0.0072,-0.1239,-0.0277,+0.0374,-0.0696,-0.0232,-0.0568,-0.0145,+0.1212,+0.0786,+0.2368,+0.0640,-0.0726,+0.0029,+0.0611,+0.0761,-0.0943,+0.0557,+0.0349,+0.0526,+0.0651,+0.0957,-0.0964,-0.0101,-0.0241,+0.1731,+0.1251,-0.0708,+0.1290,+0.0048,+0.2221
M5_T15_全周期70月,-0.0284,+0.0463,-0.0120,-0.1035,-0.0032,-0.0021,-0.0098,+0.0856,-0.0159,-0.0209,+0.2104,-0.0397,-0.0335,-0.0103,+0.0408,-0.0697,+0.0051,-0.0729,-0.0846,+0.0645,+0.0679,+0.2246,-0.0521,-0.0919,+0.0273,+0.1206,-0.0610,+0.0321,+0.0530,-0.0801,+0.0535,-0.0868,-0.0604,-0.1020,+0.0043,-0.0138,-0.0446,+0.0190,-0.0286,-0.1139,-0.0141,+0.0283,-0.0716,-0.0162,-0.0577,-0.0111,+0.0713,+0.1427,+0.2389,+0.0610,-0.0851,+0.0117,+0.0723,+0.0479,-0.1014,+0.0479,+0.0487,+0.0398,+0.1012,+0.0720,-0.0678,-0.0293,-0.0178,+0.1478,+0.1014,-0.0862,+0.1219,+0.0174,+0.2064
M5_T20_全周期70月,-0.0264,+0.0475,-0.0088,-0.0849,-0.0088,-0.0126,-0.0175,+0.0892,+0.0005,+0.0208,+0.1847,-0.0256,-0.0329,-0.0168,+0.0359,-0.0749,+0.0099,-0.0674,-0.0928,+0.0623,+0.0532,+0.2114,-0.0531,-0.0841,+0.0307,+0.1231,-0.0584,+0.0364,+0.0487,-0.0679,+0.0386,-0.0822,-0.0531,-0.0934,-0.0026,-0.0159,-0.0494,+0.0291,-0.0397,-0.1075,-0.0111,+0.0240,-0.0642,-0.0163,-0.0616,-0.0115,+0.0435,+0.1700,+0.2168,+0.0649,-0.0880,+0.0127,+0.0856,+0.0316,-0.1057,+0.0421,+0.0501,+0.0293,+0.1116,+0.0529,-0.0530,-0.0365,-0.0190,+0.1196,+0.1050,-0.0945,+0.1220,+0.0299,+0.1912
M5_T25_全周期70月,-0.0278,+0.0465,-0.0008,-0.0741,-0.0066,-0.0165,-0.0195,+0.0782,+0.0042,+0.0398,+0.1663,-0.0135,-0.0299,-0.0160,+0.0327,-0.0764,+0.0109,-0.0649,-0.0985,+0.0633,+0.0494,+0.1998,-0.0513,-0.0785,+0.0294,+0.1179,-0.0583,+0.0406,+0.0454,-0.0622,+0.0376,-0.0770,-0.0492,-0.0840,-0.0075,-0.0166,-0.0473,+0.0349,-0.0511,-0.1002,-0.0100,+0.0227,-0.0524,-0.0127,-0.0652,-0.0113,+0.0276,+0.1772,+0.1966,+0.0798,-0.0901,+0.0116,+0.0926,+0.0234,-0.1076,+0.0379,+0.0504,+0.0225,+0.1211,+0.0362,-0.0433,-0.0433,-0.0224,+0.1039,+0.1032,-0.0983,+0.1203,+0.0276,+0.1528
