date,close_bs,symbol,close_db,ratio,exch
2022-12-09,17.12,002886,17.12,1.0,深市
2023-06-09,17.71,002886,17.71,1.0,深市
2023-12-11,18.74,002886,18.74,1.0,深市
2024-06-07,14.09,002886,36.51798294,2.5917660000000002,深市
2024-12-10,20.65,002886,53.5199679,2.5917660000000002,深市
2025-03-10,20.72,002886,53.70139152,2.5917660000000002,深市
2025-06-10,19.03,002886,49.41864543,2.5968809999999998,深市
2025-09-10,23.45,002886,60.89685945,2.596881,深市
2026-01-09,23.1,002886,59.9879511,2.5968809999999998,深市
2026-03-10,23.44,002886,60.87089064,2.5968809999999998,深市
2026-05-08,24.1,002886,62.5848321,2.5968809999999998,深市
2026-06-05,28.42,002886,73.99149842,2.6035009999999996,深市
2026-06-09,27.98,002886,27.98,1.0,深市
2026-06-16,30.37,002886,30.37,1.0,深市
2026-07-10,22.41,002886,22.41,1.0,深市
2023-06-09,13.33,001979,13.33,1.0,深市
2023-12-11,9.37,001979,9.37,1.0,深市
2024-06-07,9.99,001979,13.01769927,1.303073,深市
2024-12-10,11.22,001979,15.138585,1.34925,深市
2025-03-10,9.56,001979,12.89883,1.34925,深市
2025-06-10,8.63,001979,11.6440275,1.3492499999999998,深市
2025-09-10,9.53,001979,13.14014507,1.3788190000000002,深市
2026-01-09,9.18,001979,12.65755842,1.3788190000000002,深市
2026-03-10,9.37,001979,12.91953403,1.378819,深市
2026-05-08,9.43,001979,13.00226317,1.3788190000000002,深市
2026-06-05,8.45,001979,11.65102055,1.3788190000000002,深市
2026-06-09,8.24,001979,8.24,1.0,深市
2026-06-16,7.56,001979,7.56,1.0,深市
2026-07-10,6.62,001979,6.62,1.0,深市
2022-12-09,5.49,300641,5.49,1.0,深市
2023-06-09,5.04,300641,5.04,1.0,深市
2023-12-11,5.52,300641,5.52,1.0,深市
2024-06-07,28.26,300641,50.62872258,1.791533,深市
2024-12-10,22.55,300641,41.02686115,1.8193730000000001,深市
2025-03-10,25.38,300641,46.17568674,1.8193730000000001,深市
2025-06-10,23.12,300641,42.60618336,1.8428280000000001,深市
2025-09-10,23.07,300641,42.51404196,1.842828,深市
2026-01-09,18.57,300641,34.6798464,1.86752,深市
2026-03-10,19.58,300641,36.5660416,1.86752,深市
2026-05-08,17.8,300641,33.241856,1.8675199999999998,深市
2026-06-05,14.83,300641,27.6953216,1.86752,深市
2026-06-09,14.22,300641,14.22,1.0,深市
2026-06-16,18.63,300641,18.63,1.0,深市
2026-07-10,14.57,300641,14.57,1.0,深市
2022-12-09,10.04,001313,10.04,1.0,深市
2023-06-09,7.84,001313,7.84,1.0,深市
2023-12-11,9.17,001313,9.17,1.0,深市
2024-06-07,8.18,001313,8.2625771,1.010095,深市
2024-12-10,8.92,001313,9.06614528,1.0163840000000002,深市
2025-03-10,9.47,001313,9.62515648,1.016384,深市
2025-06-10,8.02,001313,8.15139968,1.0163840000000002,深市
2025-09-10,7.79,001313,7.91763136,1.016384,深市
2026-01-09,7.33,001313,7.56235367,1.031699,深市
2026-03-10,7.62,001313,7.86154638,1.031699,深市
2026-05-08,9.59,001313,9.89399341,1.0316990000000001,深市
2026-06-05,7.33,001313,7.56235367,1.031699,深市
2026-06-09,7.59,001313,7.59,1.0,深市
2026-06-16,7.32,001313,7.32,1.0,深市
2026-07-10,8.1,001313,8.1,1.0,深市
2022-12-09,5.46,300299,5.46,1.0,深市
2023-06-09,8.8,300299,8.8,1.0,深市
2023-12-11,7.26,300299,7.26,1.0,深市
2024-06-07,3.53,300299,28.59810438,8.101446,深市
2024-12-10,6.69,300299,54.19867374,8.101446,深市
2025-03-10,6.38,300299,51.68722548,8.101446000000001,深市
2025-06-10,7.99,300299,64.73055354,8.101446,深市
2025-09-10,6.77,300299,54.84678942,8.101446000000001,深市
2026-01-09,7.89,300299,63.92040894,8.101446000000001,深市
2026-03-10,6.7,300299,54.2796882,8.101446000000001,深市
2026-05-08,6.38,300299,51.68722548,8.101446000000001,深市
2026-06-05,5.45,300299,44.1528807,8.101446,深市
2026-06-09,5.41,300299,5.41,1.0,深市
2026-06-16,5.22,300299,5.22,1.0,深市
2026-07-10,5.07,300299,5.07,1.0,深市
2022-12-09,15.88,300882,15.88,1.0,深市
2023-06-09,28.32,300882,28.32,1.0,深市
2023-12-11,23.05,300882,23.05,1.0,深市
2024-06-07,17.06,300882,32.52985446,1.9067910000000003,深市
2024-12-10,17.12,300882,32.64426192,1.9067909999999997,深市
2025-03-10,15.52,300882,29.59339632,1.9067910000000001,深市
2025-06-10,15.35,300882,29.3683875,1.9132500000000001,深市
2025-09-10,18.74,300882,35.854305,1.91325,深市
2026-01-09,20.12,300882,38.49459,1.9132500000000001,深市
2026-03-10,26.12,300882,49.97409,1.91325,深市
2026-05-08,18.89,300882,36.1412925,1.91325,深市
2026-06-05,16.06,300882,30.726795,1.9132500000000001,深市
2026-06-09,15.45,300882,15.45,1.0,深市
2026-06-16,15.64,300882,15.64,1.0,深市
2026-07-10,15.23,300882,15.23,1.0,深市
2023-06-09,13.86,301332,13.86,1.0,深市
2023-12-11,12.41,301332,12.41,1.0,深市
2024-06-07,9.65,301332,9.7529848,1.010672,深市
2024-12-10,11.15,301332,11.2689928,1.010672,深市
2025-03-10,10.75,301332,10.864724,1.010672,深市
2025-06-10,10.35,301332,10.4604552,1.010672,深市
2025-09-10,10.52,301332,10.7886282,1.025535,深市
2026-01-09,9.58,301332,9.8246253,1.0255349999999999,深市
2026-03-10,9.61,301332,9.85539135,1.025535,深市
2026-05-08,9.84,301332,10.0912644,1.025535,深市
2026-06-05,8.35,301332,8.7200553,1.044318,深市
2026-06-09,8.73,301332,8.73,1.0,深市
2026-06-16,8.34,301332,8.34,1.0,深市
2026-07-10,7.76,301332,7.76,1.0,深市
2022-12-09,80.35,301089,80.35,1.0,深市
2023-06-09,69.92,301089,69.92,1.0,深市
2023-12-11,50.1,301089,50.1,1.0,深市
2024-06-07,32.09,301089,32.49619522,1.0126579999999998,深市
2024-12-10,34.26,301089,34.69366308,1.012658,深市
2025-03-10,29.62,301089,29.99492996,1.012658,深市
2025-06-10,35.82,301089,36.27340956,1.0126579999999998,深市
2025-09-10,32.8,301089,33.2151824,1.0126580000000003,深市
2026-01-09,29.6,301089,29.9746768,1.012658,深市
2026-03-10,29.14,301089,29.50885412,1.0126579999999998,深市
2026-05-08,29.91,301089,30.28860078,1.012658,深市
2026-06-05,22.56,301089,22.84556448,1.012658,深市
2026-06-09,22.03,301089,22.03,1.0,深市
2026-06-16,22.13,301089,22.13,1.0,深市
2026-07-10,22.81,301089,22.81,1.0,深市
2022-12-09,8.48,002457,8.48,1.0,深市
2023-06-09,8.51,002457,8.51,1.0,深市
2023-12-11,9.05,002457,9.05,1.0,深市
2024-06-07,7.78,002457,21.59216854,2.775343,深市
2024-12-10,13.81,002457,38.73474373,2.804833,深市
2025-03-10,11.87,002457,33.29336771,2.804833,深市
2025-06-10,12.08,002457,34.23472,2.834,深市
2025-09-10,11.53,002457,32.67602,2.834,深市
2026-01-09,11.36,002457,32.30327328,2.843598,深市
2026-03-10,13.46,002457,38.27482908,2.843598,深市
2026-05-08,11.59,002457,32.95730082,2.843598,深市
2026-06-05,12.2,002457,35.0089614,2.869587,深市
2026-06-09,13.05,002457,13.05,1.0,深市
2026-06-16,13.34,002457,13.34,1.0,深市
2026-07-10,15.76,002457,15.76,1.0,深市
2022-12-09,11.23,300884,11.23,1.0,深市
2023-06-09,13.96,300884,13.96,1.0,深市
2023-12-11,13.31,300884,13.31,1.0,深市
2024-06-07,8.14,300884,18.21683974,2.237941,深市
2024-12-10,12.72,300884,28.79009184,2.263372,深市
2025-03-10,12.45,300884,28.1789814,2.2633720000000004,深市
2025-06-10,12.22,300884,27.65840584,2.263372,深市
2025-09-10,13.37,300884,30.26128364,2.263372,深市
2026-01-09,17.01,300884,38.49995772,2.2633719999999995,深市
2026-03-10,15.26,300884,34.53905672,2.263372,深市
2026-05-08,13.51,300884,30.57815572,2.263372,深市
2026-06-05,10.88,300884,24.84074816,2.2831569999999997,深市
2026-06-09,10.83,300884,10.83,1.0,深市
2026-06-16,10.58,300884,10.58,1.0,深市
2026-07-10,11.6,300884,11.6,1.0,深市
2022-12-09,13.17,300542,13.17,1.0,深市
2023-06-09,13.0,300542,13.0,1.0,深市
2023-12-11,13.83,300542,13.83,1.0,深市
2024-06-07,13.06,300542,44.4006044,3.39974,深市
2024-12-10,24.89,300542,84.68934505,3.402545,深市
2025-03-10,20.24,300542,68.8675108,3.4025450000000004,深市
2025-06-10,20.03,300542,68.15297635,3.402545,深市
2025-09-10,21.18,300542,72.0659031,3.402545,深市
2026-01-09,20.4,300542,69.411918,3.4025450000000004,深市
2026-03-10,17.44,300542,59.3403848,3.402545,深市
2026-05-08,15.8,300542,53.760211,3.402545,深市
2026-06-05,12.64,300542,43.0081688,3.402545,深市
2026-06-09,12.51,300542,12.51,1.0,深市
2026-06-16,12.4,300542,12.4,1.0,深市
2026-07-10,11.14,300542,11.14,1.0,深市
2022-12-09,3.79,300128,3.79,1.0,深市
2023-06-09,4.28,300128,4.28,1.0,深市
2023-12-11,4.67,300128,4.67,1.0,深市
2024-06-07,3.26,300128,32.47295128,9.961027999999999,深市
2024-12-10,5.89,300128,58.67045492,9.961028,深市
2025-03-10,6.04,300128,60.16460912,9.961028,深市
2025-06-10,5.36,300128,53.39111008,9.961027999999999,深市
2025-09-10,5.28,300128,52.59422784,9.961028,深市
2026-01-09,7.57,300128,75.40498196,9.961027999999999,深市
2026-03-10,7.11,300128,70.82290908,9.961028,深市
2026-05-08,6.91,300128,68.83070348,9.961027999999999,深市
2026-06-05,7.43,300128,74.01043804,9.961028,深市
2026-06-09,7.04,300128,7.04,1.0,深市
2026-06-16,6.33,300128,6.33,1.0,深市
2026-07-10,5.07,300128,5.07,1.0,深市
2022-12-09,4.2,000900,4.2,1.0,深市
2023-06-09,4.29,000900,4.29,1.0,深市
2023-12-11,3.99,000900,3.99,1.0,深市
2024-06-07,3.87,000900,42.98472468,11.107164,深市
2024-12-10,4.66,000900,53.87489376,11.561136,深市
2025-03-10,4.1,000900,47.4006576,11.561136000000001,深市
2025-06-10,4.21,000900,50.48851341,11.992521,深市
2025-09-10,4.2,000900,50.3685882,11.992520999999998,深市
2026-01-09,4.13,000900,49.52911173,11.992521,深市
2026-03-10,4.28,000900,51.32798988,11.992520999999998,深市
2026-05-08,4.23,000900,50.72836383,11.992520999999998,深市
2026-06-05,3.77,000900,47.14600267,12.505571,深市
2026-06-09,3.67,000900,3.67,1.0,深市
2026-06-16,3.65,000900,3.65,1.0,深市
2026-07-10,3.6,000900,3.6,1.0,深市
2022-12-09,88.88,300672,88.88,1.0,深市
2023-06-09,96.06,300672,96.06,1.0,深市
2023-12-11,63.43,300672,63.43,1.0,深市
2024-06-07,60.59,300672,98.37810471,1.623669,深市
2024-12-10,67.93,300672,110.8128504,1.6312799999999998,深市
2025-03-10,80.64,300672,131.5464192,1.63128,深市
2025-06-10,78.01,300672,127.2561528,1.6312799999999998,深市
2025-09-10,86.6,300672,141.8275046,1.637731,深市
2026-01-09,117.91,300672,193.10486221,1.637731,深市
2026-03-10,143.96,300672,235.76775476,1.6377309999999998,深市
2026-05-08,214.56,300672,351.39156336,1.637731,深市
2026-06-05,299.0,300672,489.681569,1.637731,深市
2026-06-09,283.65,300672,283.65,1.0,深市
2026-06-16,300.0,300672,300.0,1.0,深市
2026-07-10,241.39,300672,241.39,1.0,深市
2022-12-09,4.69,002589,4.69,1.0,深市
2023-06-09,3.46,002589,3.46,1.0,深市
2023-12-11,3.49,002589,3.49,1.0,深市
2024-06-07,2.35,002589,22.4033584,9.533344,深市
2024-12-10,3.33,002589,31.84555257,9.563229,深市
2025-03-10,3.06,002589,29.26348074,9.563229,深市
2025-06-10,3.05,002589,29.16784845,9.563229000000002,深市
2025-09-10,2.93,002589,28.02026097,9.563229,深市
2026-01-09,3.37,002589,32.22808173,9.563229,深市
2026-03-10,3.19,002589,30.50670051,9.563229000000002,深市
2026-05-08,3.16,002589,30.21980364,9.563229,深市
2026-06-05,2.87,002589,27.44646723,9.563229,深市
2026-06-09,2.73,002589,2.73,1.0,深市
2026-06-16,2.69,002589,2.69,1.0,深市
2026-07-10,2.64,002589,2.64,1.0,深市
2022-12-09,5.04,000056,5.04,1.0,深市
2023-06-09,3.63,000056,3.63,1.0,深市
2023-12-11,3.93,000056,3.93,1.0,深市
2024-06-07,1.97,000056,1.97,1.0,深市
2024-12-10,3.64,000056,3.64,1.0,深市
2025-03-10,3.54,000056,3.54,1.0,深市
2025-06-10,3.12,000056,3.12,1.0,深市
2025-09-10,3.01,000056,3.01,1.0,深市
2026-01-09,2.09,000056,2.09,1.0,深市
2026-03-10,2.07,000056,2.07,1.0,深市
2026-05-08,1.69,000056,1.69,1.0,深市
2026-06-05,1.84,000056,1.84,1.0,深市
2026-06-09,1.82,000056,1.82,1.0,深市
2026-06-16,1.75,000056,1.75,1.0,深市
2026-07-10,2.1,000056,2.1,1.0,深市
2022-12-09,34.6,002727,34.6,1.0,深市
2023-06-09,26.87,002727,26.87,1.0,深市
2023-12-11,24.12,002727,24.12,1.0,深市
2024-06-07,17.95,002727,40.38428695,2.2498210000000003,深市
2024-12-10,14.32,002727,32.21743672,2.2498210000000003,深市
2025-03-10,13.49,002727,30.35008529,2.249821,深市
2025-06-10,16.78,002727,38.37725274,2.287083,深市
2025-09-10,15.14,002727,34.62643662,2.287083,深市
2026-01-09,13.3,002727,30.8454265,2.3192049999999997,深市
2026-03-10,13.23,002727,30.68308215,2.319205,深市
2026-05-08,12.78,002727,29.6394399,2.319205,深市
2026-06-05,11.35,002727,26.79470545,2.360767,深市
2026-06-09,10.93,002727,10.93,1.0,深市
2026-06-16,10.99,002727,10.99,1.0,深市
2026-07-10,10.12,002727,10.12,1.0,深市
2022-12-09,5.76,000061,5.76,1.0,深市
2023-06-09,6.34,000061,6.34,1.0,深市
2023-12-11,6.83,000061,6.83,1.0,深市
2024-06-07,5.41,000061,5.41,1.0,深市
2024-12-10,7.72,000061,7.72,1.0,深市
2025-03-10,6.22,000061,6.22,1.0,深市
2025-06-10,6.69,000061,6.69,1.0,深市
2025-09-10,9.28,000061,9.28,1.0,深市
2026-01-09,10.05,000061,10.05,1.0,深市
2026-03-10,9.21,000061,9.21,1.0,深市
2026-05-08,7.42,000061,7.42,1.0,深市
2026-06-05,6.21,000061,6.21,1.0,深市
2026-06-09,5.99,000061,5.99,1.0,深市
2026-06-16,6.06,000061,6.06,1.0,深市
2026-07-10,5.65,000061,5.65,1.0,深市
2022-12-09,14.2,002950,14.2,1.0,深市
2023-06-09,10.31,002950,10.31,1.0,深市
2023-12-11,9.91,002950,9.91,1.0,深市
2024-06-07,7.51,002950,12.33114213,1.641963,深市
2024-12-10,9.02,002950,14.8753781,1.6491550000000001,深市
2025-03-10,8.9,002950,14.6774795,1.649155,深市
2025-06-10,8.89,002950,14.66098795,1.649155,深市
2025-09-10,10.02,002950,16.64227812,1.660906,深市
2026-01-09,11.52,002950,19.13363712,1.660906,深市
2026-03-10,10.51,002950,17.45612206,1.660906,深市
2026-05-08,14.17,002950,23.53503802,1.660906,深市
2026-06-05,9.37,002950,15.56268922,1.660906,深市
2026-06-09,9.06,002950,9.06,1.0,深市
2026-06-16,9.17,002950,9.17,1.0,深市
2026-07-10,8.81,002950,8.81,1.0,深市
2022-12-09,5.06,002467,5.06,1.0,深市
2023-06-09,5.24,002467,5.24,1.0,深市
2023-12-11,5.02,002467,5.02,1.0,深市
2024-06-07,3.37,002467,40.01160223,11.872879,深市
2024-12-10,7.3,002467,86.6720167,11.872879000000001,深市
2025-03-10,6.23,002467,73.96803617,11.872879,深市
2025-06-10,7.02,002467,83.50944966,11.895933000000001,深市
2025-09-10,7.32,002467,87.07822956,11.895933,深市
2026-01-09,6.36,002467,75.65813388,11.895932999999998,深市
2026-03-10,7.59,002467,90.29013147,11.895933000000001,深市
2026-05-08,7.06,002467,83.98528698,11.895933000000001,深市
2026-06-05,5.5,002467,65.4276315,11.895933000000001,深市
2026-06-09,5.36,002467,5.36,1.0,深市
2026-06-16,5.35,002467,5.35,1.0,深市
2026-07-10,4.67,002467,4.67,1.0,深市
2022-12-09,18.06,301088,18.06,1.0,深市
2023-06-09,17.95,301088,17.95,1.0,深市
2023-12-11,15.53,301088,15.53,1.0,深市
2024-06-07,11.42,301088,11.77588146,1.031163,深市
2024-12-10,14.59,301088,15.68239707,1.074873,深市
2025-03-10,13.29,301088,14.32572957,1.077933,深市
2025-06-10,14.49,301088,15.61924917,1.077933,深市
2025-09-10,14.47,301088,16.10231729,1.1128069999999999,深市
2026-01-09,18.26,301088,20.49387362,1.122337,深市
2026-03-10,15.48,301088,17.37377676,1.122337,深市
2026-05-08,15.76,301088,17.68803112,1.1223370000000001,深市
2026-06-05,13.63,301088,15.86087662,1.163674,深市
2026-06-09,13.44,301088,13.44,1.0,深市
2026-06-16,13.1,301088,13.1,1.0,深市
2026-07-10,12.03,301088,12.03,1.0,深市
2022-12-09,19.07,301010,19.07,1.0,深市
2023-06-09,20.12,301010,20.12,1.0,深市
2023-12-11,18.34,301010,18.34,1.0,深市
2024-06-07,11.51,301010,11.66177086,1.0131860000000001,深市
2024-12-10,14.96,301010,15.4451528,1.03243,深市
2025-03-10,17.5,301010,18.067525,1.03243,深市
2025-06-10,16.7,301010,17.241581,1.03243,深市
2025-09-10,19.33,301010,20.18160248,1.044056,深市
2026-01-09,22.18,301010,23.15716208,1.0440559999999999,深市
2026-03-10,23.15,301010,24.1698964,1.044056,深市
2026-05-08,22.89,301010,23.89844184,1.044056,深市
2026-06-05,19.43,301010,20.28600808,1.0440559999999999,深市
2026-06-09,18.86,301010,18.86,1.0,深市
2026-06-16,18.04,301010,18.04,1.0,深市
2026-07-10,15.77,301010,15.77,1.0,深市
2023-06-09,40.64,301419,40.64,1.0,深市
2023-12-11,38.59,301419,38.59,1.0,深市
2024-06-07,23.58,301419,24.33724812,1.0321140000000002,深市
2024-12-10,37.6,301419,38.8074864,1.032114,深市
2025-03-10,36.73,301419,37.90954722,1.0321140000000002,深市
2025-06-10,26.0,301419,32.717308,1.258358,深市
2025-09-10,33.87,301419,42.62058546,1.258358,深市
2026-01-09,34.12,301419,42.93517496,1.258358,深市
2026-03-10,38.08,301419,47.91827264,1.258358,深市
2026-05-08,42.93,301419,54.02130894,1.2583579999999999,深市
2026-06-05,47.08,301419,74.65767496,1.585762,深市
2026-06-09,42.58,301419,42.58,1.0,深市
2026-06-16,42.5,301419,42.5,1.0,深市
2026-07-10,38.18,301419,38.18,1.0,深市
2026-07-10,216.7,301583,216.7,1.0,深市
2022-12-09,11.54,002405,11.54,1.0,深市
2023-06-09,11.59,002405,11.59,1.0,深市
2023-12-11,10.01,002405,10.01,1.0,深市
2024-06-07,6.36,002405,25.48757916,4.007480999999999,深市
2024-12-10,10.09,002405,40.43548329,4.007481,深市
2025-03-10,9.62,002405,38.55196722,4.007481,深市
2025-06-10,8.27,002405,33.14186787,4.007481,深市
2025-09-10,9.47,002405,37.95084507,4.007480999999999,深市
2026-01-09,10.45,002405,41.87817645,4.007481,深市
2026-03-10,10.91,002405,43.72161771,4.007480999999999,深市
2026-05-08,9.42,002405,37.75047102,4.007481,深市
2026-06-05,7.88,002405,31.57895028,4.007481,深市
2026-06-09,7.92,002405,7.92,1.0,深市
2026-06-16,7.36,002405,7.36,1.0,深市
2026-07-10,6.67,002405,6.67,1.0,深市
2022-12-09,5.95,300422,5.95,1.0,深市
2023-06-09,6.23,300422,6.23,1.0,深市
2023-12-11,6.04,300422,6.04,1.0,深市
2024-06-07,4.69,300422,24.12532248,5.143992,深市
2024-12-10,5.38,300422,27.67467696,5.143992,深市
2025-03-10,4.23,300422,21.75908616,5.143991999999999,深市
2025-06-10,5.41,300422,27.82899672,5.143992,深市
2025-09-10,5.43,300422,27.93187656,5.143992,深市
2026-01-09,4.75,300422,24.433962,5.143992,深市
2026-03-10,5.26,300422,27.05739792,5.143992,深市
2026-05-08,5.89,300422,30.29811288,5.143992000000001,深市
2026-06-05,5.24,300422,26.95451808,5.143992,深市
2026-06-09,5.08,300422,5.08,1.0,深市
2026-06-16,4.96,300422,4.96,1.0,深市
2026-07-10,4.44,300422,4.44,1.0,深市
2022-12-09,136.21,300957,136.21,1.0,深市
2023-06-09,86.5,300957,86.5,1.0,深市
2023-12-11,68.74,300957,68.74,1.0,深市
2024-06-07,52.21,300957,52.93263861,1.013841,深市
2024-12-10,49.61,300957,50.88140508,1.025628,深市
2025-03-10,45.79,300957,46.96350612,1.025628,深市
2025-06-10,48.57,300957,50.48730075,1.0394750000000001,深市
2025-09-10,49.53,300957,51.48519675,1.039475,深市
2026-01-09,41.2,300957,42.82637,1.039475,深市
2026-03-10,43.54,300957,45.57606102,1.0467629999999999,深市
2026-05-08,42.07,300957,44.03731941,1.046763,深市
2026-06-05,34.43,300957,36.37922002,1.056614,深市
2026-06-09,32.58,300957,32.58,1.0,深市
2026-06-16,33.91,300957,33.91,1.0,深市
2026-07-10,31.7,300957,31.7,1.0,深市
2022-12-09,38.68,000028,38.68,1.0,深市
2023-06-09,42.03,000028,42.03,1.0,深市
2023-12-11,29.05,000028,29.05,1.0,深市
2024-06-07,38.05,000028,38.05,1.0,深市
2024-12-10,29.83,000028,29.83,1.0,深市
2025-03-10,26.49,000028,26.49,1.0,深市
2025-06-10,26.09,000028,26.09,1.0,深市
2025-09-10,25.69,000028,25.69,1.0,深市
2026-01-09,25.02,000028,25.02,1.0,深市
2026-03-10,25.7,000028,25.7,1.0,深市
2026-05-08,24.53,000028,24.53,1.0,深市
2026-06-05,22.79,000028,22.79,1.0,深市
2026-06-09,22.24,000028,22.24,1.0,深市
2026-06-16,22.51,000028,22.51,1.0,深市
2026-07-10,20.22,000028,20.22,1.0,深市
2022-12-09,31.51,001259,31.51,1.0,深市
2023-06-09,29.86,001259,29.86,1.0,深市
2023-12-11,28.08,001259,28.08,1.0,深市
2024-06-07,20.73,001259,21.09673443,1.0176910000000001,深市
2024-12-10,24.32,001259,24.75024512,1.017691,深市
2025-03-10,23.1,001259,23.5086621,1.017691,深市
2025-06-10,24.58,001259,25.18633944,1.0246680000000001,深市
2025-09-10,26.09,001259,26.73358812,1.024668,深市
2026-01-09,29.05,001259,29.7666054,1.024668,深市
2026-03-10,35.5,001259,36.375714,1.0246680000000001,深市
2026-05-08,37.56,001259,38.48653008,1.024668,深市
2026-06-05,70.54,001259,72.39654226,1.026319,深市
2026-06-09,68.21,001259,68.21,1.0,深市
2026-06-16,64.51,001259,64.51,1.0,深市
2026-07-10,59.81,001259,59.81,1.0,深市
2022-12-09,6.74,002261,6.74,1.0,深市
2023-06-09,17.63,002261,17.63,1.0,深市
2023-12-11,16.97,002261,16.97,1.0,深市
2024-06-07,11.4,002261,115.575993,10.138245,深市
2024-12-10,20.56,002261,208.4423172,10.138245,深市
2025-03-10,34.0,002261,344.70033,10.138245,深市
2025-06-10,30.31,002261,307.29020595,10.138245,深市
2025-09-10,35.17,002261,356.56207665,10.138245,深市
2026-01-09,35.1,002261,355.8523995,10.138245,深市
2026-03-10,41.76,002261,423.3731112,10.138245,深市
2026-05-08,35.87,002261,363.65884815,10.138245,深市
2026-06-05,28.39,002261,287.82477555,10.138245000000001,深市
2026-06-09,28.1,002261,28.1,1.0,深市
2026-06-16,30.01,002261,30.01,1.0,深市
2026-07-10,32.08,002261,32.08,1.0,深市
2022-12-09,8.33,300608,8.33,1.0,深市
2023-06-09,10.94,300608,10.94,1.0,深市
2023-12-11,16.48,300608,16.48,1.0,深市
2024-06-07,9.1,300608,34.8623912,3.831032,深市
2024-12-10,13.81,300608,52.90655192,3.8310319999999995,深市
2025-03-10,14.1,300608,54.0175512,3.831032,深市
2025-06-10,11.2,300608,42.9075584,3.831032,深市
2025-09-10,13.29,300608,50.91441528,3.8310320000000004,深市
2026-01-09,12.06,300608,46.20224592,3.831032,深市
2026-03-10,12.8,300608,49.0372096,3.8310319999999995,深市
2026-05-08,13.79,300608,52.82993128,3.831032,深市
2026-06-05,11.57,300608,44.32504024,3.831032,深市
2026-06-09,11.82,300608,11.82,1.0,深市
2026-06-16,12.13,300608,12.13,1.0,深市
2026-07-10,9.87,300608,9.87,1.0,深市
2022-12-09,5.96,002548,5.96,1.0,深市
2023-06-09,5.9,002548,5.9,1.0,深市
2023-12-11,6.32,002548,6.32,1.0,深市
2024-06-07,4.26,002548,20.80664088,4.884188,深市
2024-12-10,4.47,002548,21.83232036,4.884188,深市
2025-03-10,3.82,002548,18.65759816,4.884188,深市
2025-06-10,3.86,002548,18.85296568,4.884188,深市
2025-09-10,4.5,002548,21.978846,4.884188,深市
2026-01-09,6.33,002548,30.91691004,4.884188,深市
2026-03-10,6.69,002548,32.67521772,4.884188,深市
2026-05-08,5.2,002548,25.3977776,4.884188,深市
2026-06-05,3.99,002548,19.48791012,4.884187999999999,深市
2026-06-09,4.03,002548,4.03,1.0,深市
2026-06-16,4.04,002548,4.04,1.0,深市
2026-07-10,4.19,002548,4.19,1.0,深市
2022-12-09,79.15,300919,79.15,1.0,深市
2023-06-09,63.67,300919,63.67,1.0,深市
2023-12-11,47.99,300919,47.99,1.0,深市
2024-06-07,33.76,300919,48.6003896,1.4395850000000001,深市
2024-12-10,39.12,300919,56.7341712,1.45026,深市
2025-03-10,37.64,300919,54.5877864,1.4502599999999999,深市
2025-06-10,31.66,300919,46.43261932,1.466602,深市
2025-09-10,42.68,300919,62.59457336,1.466602,深市
2026-01-09,54.08,300919,79.73593056,1.474407,深市
2026-03-10,52.6,300919,77.5538082,1.474407,深市
2026-05-08,60.94,300919,89.85036258,1.474407,深市
2026-06-05,48.58,300919,71.62669206,1.474407,深市
2026-06-09,47.08,300919,47.08,1.0,深市
2026-06-16,49.92,300919,49.92,1.0,深市
2026-07-10,38.6,300919,38.6,1.0,深市
2022-12-09,2.34,300237,2.34,1.0,深市
2023-06-09,1.9,300237,1.9,1.0,深市
2023-12-11,2.04,300237,2.04,1.0,深市
2024-06-07,1.13,300237,19.31545725,17.093325000000004,深市
2024-12-10,2.84,300237,48.545043,17.093325,深市
2025-03-10,2.01,300237,34.35758325,17.093325,深市
2025-06-10,1.73,300237,29.57145225,17.093325,深市
2025-09-10,3.36,300237,57.433572,17.093325,深市
2026-01-09,2.51,300237,42.90424575,17.093325000000004,深市
2026-03-10,2.49,300237,42.56237925,17.093324999999997,深市
2026-05-08,2.31,300237,39.48558075,17.093324999999997,深市
2026-06-05,2.24,300237,38.289048,17.093325,深市
2026-06-09,2.13,300237,2.13,1.0,深市
2026-06-16,2.11,300237,2.11,1.0,深市
2026-07-10,1.95,300237,1.95,1.0,深市
2022-12-09,40.08,002864,40.08,1.0,深市
2023-06-09,44.38,002864,44.38,1.0,深市
2023-12-11,40.0,002864,40.0,1.0,深市
2024-06-07,27.61,002864,28.55111446,1.034086,深市
2024-12-10,28.55,002864,29.5231553,1.0340859999999998,深市
2025-03-10,27.19,002864,28.16723579,1.035941,深市
2025-06-10,29.41,002864,30.73768504,1.0451439999999999,深市
2025-09-10,30.03,002864,31.38567432,1.0451439999999999,深市
2026-01-09,34.37,002864,36.04076007,1.048611,深市
2026-03-10,34.39,002864,36.06173229,1.048611,深市
2026-05-08,31.36,002864,32.88444096,1.048611,深市
2026-06-05,27.93,002864,29.28770523,1.048611,深市
2026-06-09,27.91,002864,27.91,1.0,深市
2026-06-16,27.59,002864,27.59,1.0,深市
2026-07-10,28.22,002864,28.22,1.0,深市
2022-12-09,19.19,002315,19.19,1.0,深市
2023-06-09,39.33,002315,39.33,1.0,深市
2023-12-11,36.74,002315,36.74,1.0,深市
2024-06-07,28.8,002315,108.7948224,3.777598,深市
2024-12-10,53.1,002315,204.8451444,3.857724,深市
2025-03-10,45.14,002315,174.13766136,3.857724,深市
2025-06-10,42.03,002315,164.65290327,3.917509,深市
2025-09-10,47.98,002315,187.96208182,3.9175090000000004,深市
2026-01-09,53.27,002315,211.26951251,3.966013,深市
2026-03-10,43.82,002315,173.79068966,3.966013,深市
2026-05-08,32.84,002315,172.0055754,5.237684999999999,深市
2026-06-05,26.3,002315,137.7511155,5.237685,深市
2026-06-09,25.64,002315,25.64,1.0,深市
2026-06-16,24.93,002315,24.93,1.0,深市
2026-07-10,23.56,002315,23.56,1.0,深市
2022-12-09,5.55,002442,5.55,1.0,深市
2023-06-09,4.77,002442,4.77,1.0,深市
2023-12-11,5.48,002442,5.48,1.0,深市
2024-06-07,4.56,002442,11.78285304,2.583959,深市
2024-12-10,5.6,002442,14.8595048,2.653483,深市
2025-03-10,6.2,002442,16.4515946,2.653483,深市
2025-06-10,6.17,002442,16.69092358,2.705174,深市
2025-09-10,6.56,002442,17.74594144,2.705174,深市
2026-01-09,6.32,002442,17.09669968,2.705174,深市
2026-03-10,6.62,002442,17.90825188,2.7051740000000004,深市
2026-05-08,6.37,002442,17.23195838,2.7051739999999995,深市
2026-06-05,5.49,002442,14.85140526,2.705174,深市
2026-06-09,5.39,002442,5.39,1.0,深市
2026-06-16,5.16,002442,5.16,1.0,深市
2026-07-10,4.9,002442,4.9,1.0,深市
2022-12-09,21.53,002444,21.53,1.0,深市
2023-06-09,17.0,002444,17.0,1.0,深市
2023-12-11,21.74,002444,21.74,1.0,深市
2024-06-07,26.3,002444,117.4522232,4.465864,深市
2024-12-10,27.81,002444,126.95704398,4.565158,深市
2025-03-10,29.57,002444,134.99172206,4.565158,深市
2025-06-10,24.88,002444,113.58113104,4.565158,深市
2025-09-10,31.78,002444,145.08072124,4.565158,深市
2026-01-09,37.22,002444,171.347853,4.60365,深市
2026-03-10,32.65,002444,150.3091725,4.60365,深市
2026-05-08,36.5,002444,168.033225,4.60365,深市
2026-06-05,31.67,002444,145.7975955,4.60365,深市
2026-06-09,31.47,002444,31.47,1.0,深市
2026-06-16,30.62,002444,30.62,1.0,深市
2026-07-10,29.88,002444,29.88,1.0,深市
2024-06-07,39.56,301567,39.837909,1.007025,深市
2024-12-10,48.98,301567,49.3240845,1.007025,深市
2025-03-10,44.35,301567,44.66155875,1.0070249999999998,深市
2025-06-10,38.33,301567,38.78348223,1.011831,深市
2025-09-10,40.66,301567,41.14104846,1.0118310000000001,深市
2026-01-09,49.32,301567,49.90350492,1.0118310000000001,深市
2026-03-10,49.73,301567,50.31835563,1.0118310000000001,深市
2026-05-08,45.51,301567,46.04842881,1.011831,深市
2026-06-05,42.34,301567,42.84092454,1.011831,深市
2026-06-09,40.0,301567,40.0,1.0,深市
2026-06-16,40.4,301567,40.4,1.0,深市
2026-07-10,34.65,301567,34.65,1.0,深市
2022-12-09,5.78,300272,5.78,1.0,深市
2023-06-09,5.07,300272,5.07,1.0,深市
2023-12-11,6.18,300272,6.18,1.0,深市
2024-06-07,5.09,300272,31.10362588,6.110732,深市
2024-12-10,6.88,300272,42.45401008,6.170641000000001,深市
2025-03-10,6.37,300272,39.73356933,6.237609,深市
2025-06-10,6.49,300272,40.74538171,6.278178999999999,深市
2025-09-10,6.73,300272,42.25214467,6.278179,深市
2026-01-09,7.65,300272,48.9136257,6.3939379999999995,深市
2026-03-10,7.82,300272,50.00059516,6.393938,深市
2026-05-08,7.57,300272,48.40211066,6.3939379999999995,深市
2026-06-05,5.92,300272,37.85211296,6.393938,深市
2026-06-09,5.79,300272,5.79,1.0,深市
2026-06-16,5.77,300272,5.77,1.0,深市
2026-07-10,5.43,300272,5.43,1.0,深市
2022-12-09,116.89,688383,116.89,1.0,沪市
2023-06-09,151.65,688383,151.65,1.0,沪市
2023-12-11,105.04,688383,105.04,1.0,沪市
2024-06-07,57.45,688383,57.45,1.0,沪市
2024-12-10,51.06,688383,51.06,1.0,沪市
2025-03-10,48.6,688383,48.6,1.0,沪市
2025-06-10,49.93,688383,49.93,1.0,沪市
2025-09-10,70.1,688383,70.1,1.0,沪市
2026-01-09,77.18,688383,77.18,1.0,沪市
2026-03-10,74.53,688383,74.53,1.0,沪市
2026-05-08,101.88,688383,101.88,1.0,沪市
2026-06-05,139.7,688383,139.7,1.0,沪市
2026-06-09,141.38,688383,141.38,1.0,沪市
2026-06-16,177.0,688383,177.0,1.0,沪市
2026-07-10,153.35,688383,153.35,1.0,沪市
2022-12-09,60.88,688155,60.88,1.0,沪市
2023-06-09,51.1,688155,51.1,1.0,沪市
2023-12-11,57.49,688155,57.49,1.0,沪市
2024-06-07,38.65,688155,38.65,1.0,沪市
2024-12-10,42.82,688155,42.82,1.0,沪市
2025-03-10,50.18,688155,50.18,1.0,沪市
2025-06-10,46.57,688155,46.57,1.0,沪市
2025-09-10,75.82,688155,75.82,1.0,沪市
2026-01-09,69.11,688155,69.11,1.0,沪市
2026-03-10,85.65,688155,85.65,1.0,沪市
2026-05-08,101.66,688155,101.66,1.0,沪市
2026-06-05,80.53,688155,80.53,1.0,沪市
2026-06-09,77.5,688155,77.5,1.0,沪市
2026-06-16,83.83,688155,83.83,1.0,沪市
2026-07-10,66.43,688155,66.43,1.0,沪市
2022-12-09,8.27,600165,8.27,1.0,沪市
2023-06-09,3.68,600165,3.68,1.0,沪市
2023-12-11,3.4,600165,3.4,1.0,沪市
2024-06-07,1.4,600165,1.4,1.0,沪市
2024-12-10,2.26,600165,2.26,1.0,沪市
2025-03-10,3.92,600165,3.92,1.0,沪市
2025-06-10,4.67,600165,4.67,1.0,沪市
2025-09-10,3.7,600165,3.7,1.0,沪市
2026-01-09,4.05,600165,4.05,1.0,沪市
2026-03-10,3.75,600165,3.75,1.0,沪市
2026-05-08,3.25,600165,3.25,1.0,沪市
2026-06-05,2.89,600165,2.89,1.0,沪市
2026-06-09,2.7,600165,2.7,1.0,沪市
2026-06-16,2.83,600165,2.83,1.0,沪市
2026-07-10,2.71,600165,2.71,1.0,沪市
2022-12-09,4.0,600425,4.0,1.0,沪市
2023-06-09,5.04,600425,5.04,1.0,沪市
2023-12-11,3.78,600425,3.78,1.0,沪市
2024-06-07,3.37,600425,3.37,1.0,沪市
2024-12-10,4.36,600425,4.36,1.0,沪市
2025-03-10,3.81,600425,3.81,1.0,沪市
2025-06-10,3.74,600425,3.74,1.0,沪市
2025-09-10,4.65,600425,4.65,1.0,沪市
2026-01-09,4.33,600425,4.33,1.0,沪市
2026-03-10,4.54,600425,4.54,1.0,沪市
2026-05-08,4.08,600425,4.08,1.0,沪市
2026-06-05,3.65,600425,3.65,1.0,沪市
2026-06-09,3.59,600425,3.59,1.0,沪市
2026-06-16,3.55,600425,3.55,1.0,沪市
2026-07-10,3.33,600425,3.33,1.0,沪市
2022-12-09,3.03,600503,3.03,1.0,沪市
2023-06-09,2.94,600503,2.94,1.0,沪市
2023-12-11,2.62,600503,2.62,1.0,沪市
2024-06-07,1.97,600503,1.97,1.0,沪市
2024-12-10,3.49,600503,3.49,1.0,沪市
2025-03-10,2.8,600503,2.8,1.0,沪市
2025-06-10,2.54,600503,2.54,1.0,沪市
2025-09-10,3.72,600503,3.72,1.0,沪市
2026-01-09,2.76,600503,2.76,1.0,沪市
2026-03-10,2.55,600503,2.55,1.0,沪市
2026-05-08,2.57,600503,2.57,1.0,沪市
2026-06-05,2.77,600503,2.77,1.0,沪市
2026-06-09,2.66,600503,2.66,1.0,沪市
2026-06-16,2.36,600503,2.36,1.0,沪市
2026-07-10,2.06,600503,2.06,1.0,沪市
2022-12-09,12.07,603238,12.07,1.0,沪市
2023-06-09,11.74,603238,11.74,1.0,沪市
2023-12-11,13.55,603238,13.55,1.0,沪市
2024-06-07,10.32,603238,10.32,1.0,沪市
2024-12-10,12.93,603238,12.93,1.0,沪市
2025-03-10,12.93,603238,12.93,1.0,沪市
2025-06-10,17.46,603238,17.46,1.0,沪市
2025-09-10,20.43,603238,20.43,1.0,沪市
2026-01-09,17.82,603238,17.82,1.0,沪市
2026-03-10,18.05,603238,18.05,1.0,沪市
2026-05-08,16.09,603238,16.09,1.0,沪市
2026-06-05,12.84,603238,12.84,1.0,沪市
2026-06-09,12.57,603238,12.57,1.0,沪市
2026-06-16,12.28,603238,12.28,1.0,沪市
2026-07-10,11.33,603238,11.33,1.0,沪市
2022-12-09,35.91,688208,35.91,1.0,沪市
2023-06-09,29.16,688208,29.16,1.0,沪市
2023-12-11,26.59,688208,26.59,1.0,沪市
2024-06-07,23.86,688208,23.86,1.0,沪市
2024-12-10,36.44,688208,36.44,1.0,沪市
2025-03-10,43.32,688208,43.32,1.0,沪市
2025-06-10,29.68,688208,29.68,1.0,沪市
2025-09-10,36.1,688208,36.1,1.0,沪市
2026-01-09,37.4,688208,37.4,1.0,沪市
2026-03-10,34.6,688208,34.6,1.0,沪市
2026-05-08,34.2,688208,34.2,1.0,沪市
2026-06-05,29.1,688208,29.1,1.0,沪市
2026-06-09,29.6,688208,29.6,1.0,沪市
2026-06-16,28.19,688208,28.19,1.0,沪市
2026-07-10,25.05,688208,25.05,1.0,沪市
2022-12-09,6.23,600830,6.23,1.0,沪市
2023-06-09,6.13,600830,6.13,1.0,沪市
2023-12-11,7.08,600830,7.08,1.0,沪市
2024-06-07,6.9,600830,6.9,1.0,沪市
2024-12-10,11.52,600830,11.52,1.0,沪市
2025-03-10,9.34,600830,9.34,1.0,沪市
2025-06-10,9.98,600830,9.98,1.0,沪市
2025-09-10,10.02,600830,10.02,1.0,沪市
2026-01-09,9.88,600830,9.88,1.0,沪市
2026-03-10,9.46,600830,9.46,1.0,沪市
2026-05-08,10.45,600830,10.45,1.0,沪市
2026-06-05,7.89,600830,7.89,1.0,沪市
2026-06-09,8.02,600830,8.02,1.0,沪市
2026-06-16,8.67,600830,8.67,1.0,沪市
2026-07-10,8.06,600830,8.06,1.0,沪市
2022-12-09,35.71,603212,35.71,1.0,沪市
2023-06-09,18.54,603212,18.54,1.0,沪市
2023-12-11,15.21,603212,15.21,1.0,沪市
2024-06-07,11.46,603212,11.46,1.0,沪市
2024-12-10,12.08,603212,12.08,1.0,沪市
2025-03-10,10.95,603212,10.95,1.0,沪市
2025-06-10,9.71,603212,9.71,1.0,沪市
2025-09-10,12.37,603212,12.37,1.0,沪市
2026-01-09,14.6,603212,14.6,1.0,沪市
2026-03-10,14.64,603212,14.64,1.0,沪市
2026-05-08,14.39,603212,14.39,1.0,沪市
2026-06-05,15.87,603212,15.87,1.0,沪市
2026-06-09,16.56,603212,16.56,1.0,沪市
2026-06-16,16.04,603212,16.04,1.0,沪市
2026-07-10,11.52,603212,11.52,1.0,沪市
2022-12-09,4.03,601016,4.03,1.0,沪市
2023-06-09,3.8,601016,3.8,1.0,沪市
2023-12-11,3.1,601016,3.1,1.0,沪市
2024-06-07,3.23,601016,3.23,1.0,沪市
2024-12-10,3.32,601016,3.32,1.0,沪市
2025-03-10,3.02,601016,3.02,1.0,沪市
2025-06-10,2.94,601016,2.94,1.0,沪市
2025-09-10,3.11,601016,3.11,1.0,沪市
2026-01-09,3.02,601016,3.02,1.0,沪市
2026-03-10,3.66,601016,3.66,1.0,沪市
2026-05-08,4.9,601016,4.9,1.0,沪市
2026-06-05,4.63,601016,4.63,1.0,沪市
2026-06-09,4.22,601016,4.22,1.0,沪市
2026-06-16,4.07,601016,4.07,1.0,沪市
2026-07-10,3.44,601016,3.44,1.0,沪市
2022-12-09,12.95,688038,12.95,1.0,沪市
2023-06-09,14.97,688038,14.97,1.0,沪市
2023-12-11,14.92,688038,14.92,1.0,沪市
2024-06-07,8.29,688038,8.29,1.0,沪市
2024-12-10,13.92,688038,13.92,1.0,沪市
2025-06-10,16.25,688038,16.25,1.0,沪市
2025-09-10,15.41,688038,15.41,1.0,沪市
2026-01-09,19.33,688038,19.33,1.0,沪市
2026-03-10,22.39,688038,22.39,1.0,沪市
2026-05-08,21.26,688038,21.26,1.0,沪市
2026-06-05,18.03,688038,18.03,1.0,沪市
2026-06-09,20.97,688038,20.97,1.0,沪市
2026-06-16,20.39,688038,20.39,1.0,沪市
2026-07-10,17.79,688038,17.79,1.0,沪市
2022-12-09,20.59,603810,20.59,1.0,沪市
2023-06-09,13.46,603810,13.46,1.0,沪市
2023-12-11,13.26,603810,13.26,1.0,沪市
2024-06-07,8.81,603810,8.81,1.0,沪市
2024-12-10,11.18,603810,11.18,1.0,沪市
2025-03-10,13.58,603810,13.58,1.0,沪市
2025-06-10,16.37,603810,16.37,1.0,沪市
2025-09-10,15.37,603810,15.37,1.0,沪市
2026-01-09,15.97,603810,15.97,1.0,沪市
2026-03-10,17.37,603810,17.37,1.0,沪市
2026-05-08,15.72,603810,15.72,1.0,沪市
2026-06-05,12.92,603810,12.92,1.0,沪市
2026-06-09,12.59,603810,12.59,1.0,沪市
2026-06-16,12.3,603810,12.3,1.0,沪市
2026-07-10,11.23,603810,11.23,1.0,沪市
2022-12-09,7.69,600738,7.69,1.0,沪市
2023-06-09,5.15,600738,5.15,1.0,沪市
2023-12-11,5.87,600738,5.87,1.0,沪市
2024-06-07,3.92,600738,3.92,1.0,沪市
2024-12-10,5.37,600738,5.37,1.0,沪市
2025-03-10,5.2,600738,5.2,1.0,沪市
2025-06-10,5.61,600738,5.61,1.0,沪市
2025-09-10,5.17,600738,5.17,1.0,沪市
2026-01-09,5.28,600738,5.28,1.0,沪市
2026-03-10,5.11,600738,5.11,1.0,沪市
2026-05-08,4.79,600738,4.79,1.0,沪市
2026-06-05,4.24,600738,4.24,1.0,沪市
2026-06-09,4.12,600738,4.12,1.0,沪市
2026-06-16,4.02,600738,4.02,1.0,沪市
2026-07-10,3.78,600738,3.78,1.0,沪市
2022-12-09,40.15,688087,40.15,1.0,沪市
2023-06-09,30.6,688087,30.6,1.0,沪市
2023-12-11,23.16,688087,23.16,1.0,沪市
2024-06-07,27.61,688087,27.61,1.0,沪市
2024-12-10,29.02,688087,29.02,1.0,沪市
2025-03-10,29.8,688087,29.8,1.0,沪市
2025-06-10,24.81,688087,24.81,1.0,沪市
2025-09-10,26.71,688087,26.71,1.0,沪市
2026-01-09,30.96,688087,30.96,1.0,沪市
2026-03-10,41.05,688087,41.05,1.0,沪市
2026-05-08,43.96,688087,43.96,1.0,沪市
2026-06-05,37.0,688087,37.0,1.0,沪市
2026-06-09,38.14,688087,38.14,1.0,沪市
2026-06-16,37.86,688087,37.86,1.0,沪市
2026-07-10,36.2,688087,36.2,1.0,沪市
2022-12-09,12.62,605179,12.62,1.0,沪市
2023-06-09,10.58,605179,10.58,1.0,沪市
2023-12-11,15.48,605179,15.48,1.0,沪市
2024-06-07,10.12,605179,10.12,1.0,沪市
2024-12-10,28.84,605179,28.84,1.0,沪市
2025-03-10,20.4,605179,20.4,1.0,沪市
2025-06-10,21.14,605179,21.14,1.0,沪市
2025-09-10,23.02,605179,23.02,1.0,沪市
2026-01-09,21.23,605179,21.23,1.0,沪市
2026-03-10,18.46,605179,18.46,1.0,沪市
2026-05-08,16.96,605179,16.96,1.0,沪市
2026-06-05,14.5,605179,14.5,1.0,沪市
2026-06-09,14.03,605179,14.03,1.0,沪市
2026-06-16,14.03,605179,14.03,1.0,沪市
2026-07-10,13.05,605179,13.05,1.0,沪市
2022-12-09,52.14,688707,52.14,1.0,沪市
2023-06-09,29.11,688707,29.11,1.0,沪市
2023-12-11,19.95,688707,19.95,1.0,沪市
2024-06-07,10.53,688707,10.53,1.0,沪市
2024-12-10,13.5,688707,13.5,1.0,沪市
2025-03-10,11.84,688707,11.84,1.0,沪市
2025-06-10,12.23,688707,12.23,1.0,沪市
2025-09-10,16.39,688707,16.39,1.0,沪市
2026-01-09,14.77,688707,14.77,1.0,沪市
2026-03-10,14.41,688707,14.41,1.0,沪市
2026-05-08,17.53,688707,17.53,1.0,沪市
2026-06-05,15.17,688707,15.17,1.0,沪市
2026-06-09,14.47,688707,14.47,1.0,沪市
2026-06-16,14.41,688707,14.41,1.0,沪市
2026-07-10,10.82,688707,10.82,1.0,沪市
2022-12-09,16.1,603819,16.1,1.0,沪市
2023-06-09,14.82,603819,14.82,1.0,沪市
2023-12-11,14.3,603819,14.3,1.0,沪市
2024-06-07,10.92,603819,10.92,1.0,沪市
2024-12-10,14.05,603819,14.05,1.0,沪市
2025-03-10,13.87,603819,13.87,1.0,沪市
2025-06-10,14.41,603819,14.41,1.0,沪市
2025-09-10,12.22,603819,12.22,1.0,沪市
2026-01-09,12.11,603819,12.11,1.0,沪市
2026-03-10,12.96,603819,12.96,1.0,沪市
2026-05-08,15.3,603819,15.3,1.0,沪市
2026-06-05,12.42,603819,12.42,1.0,沪市
2026-06-09,12.06,603819,12.06,1.0,沪市
2026-06-16,11.86,603819,11.86,1.0,沪市
2026-07-10,13.58,603819,13.58,1.0,沪市
2022-12-09,54.82,688345,54.82,1.0,沪市
2023-06-09,35.94,688345,35.94,1.0,沪市
2023-12-11,30.02,688345,30.02,1.0,沪市
2024-06-07,17.7,688345,17.7,1.0,沪市
2024-12-10,22.53,688345,22.53,1.0,沪市
2025-03-10,19.77,688345,19.77,1.0,沪市
2025-06-10,24.62,688345,24.62,1.0,沪市
2025-09-10,41.0,688345,41.0,1.0,沪市
2026-01-09,33.45,688345,33.45,1.0,沪市
2026-03-10,38.14,688345,38.14,1.0,沪市
2026-05-08,52.95,688345,52.95,1.0,沪市
2026-06-05,49.59,688345,49.59,1.0,沪市
2026-06-09,48.03,688345,48.03,1.0,沪市
2026-06-16,52.0,688345,52.0,1.0,沪市
2026-07-10,51.3,688345,51.3,1.0,沪市
2022-12-09,7.31,688609,7.31,1.0,沪市
2023-06-09,11.03,688609,11.03,1.0,沪市
2023-12-11,12.58,688609,12.58,1.0,沪市
2024-06-07,9.87,688609,9.87,1.0,沪市
2024-12-10,11.62,688609,11.62,1.0,沪市
2025-03-10,11.46,688609,11.46,1.0,沪市
2025-06-10,10.1,688609,10.1,1.0,沪市
2025-09-10,10.13,688609,10.13,1.0,沪市
2026-01-09,10.59,688609,10.59,1.0,沪市
2026-03-10,8.83,688609,8.83,1.0,沪市
2026-05-08,10.98,688609,10.98,1.0,沪市
2026-06-05,11.9,688609,11.9,1.0,沪市
2026-06-09,11.41,688609,11.41,1.0,沪市
2026-06-16,11.53,688609,11.53,1.0,沪市
2026-07-10,10.37,688609,10.37,1.0,沪市
2022-12-09,14.33,688681,14.33,1.0,沪市
2023-06-09,14.57,688681,14.57,1.0,沪市
2023-12-11,14.88,688681,14.88,1.0,沪市
2024-06-07,9.04,688681,9.04,1.0,沪市
2024-12-10,12.55,688681,12.55,1.0,沪市
2025-03-10,13.19,688681,13.19,1.0,沪市
2025-06-10,13.78,688681,13.78,1.0,沪市
2025-09-10,17.3,688681,17.3,1.0,沪市
2026-01-09,18.5,688681,18.5,1.0,沪市
2026-03-10,21.54,688681,21.54,1.0,沪市
2026-05-08,21.2,688681,21.2,1.0,沪市
2026-06-05,16.51,688681,16.51,1.0,沪市
2026-06-09,15.58,688681,15.58,1.0,沪市
2026-06-16,15.41,688681,15.41,1.0,沪市
2026-07-10,14.65,688681,14.65,1.0,沪市
2022-12-09,9.05,600273,9.05,1.0,沪市
2023-06-09,9.0,600273,9.0,1.0,沪市
2023-12-11,8.78,600273,8.78,1.0,沪市
2024-06-07,7.4,600273,7.4,1.0,沪市
2024-12-10,8.15,600273,8.15,1.0,沪市
2025-03-10,7.86,600273,7.86,1.0,沪市
2025-06-10,8.41,600273,8.41,1.0,沪市
2025-09-10,8.7,600273,8.7,1.0,沪市
2026-01-09,9.45,600273,9.45,1.0,沪市
2026-03-10,10.62,600273,10.62,1.0,沪市
2026-05-08,8.06,600273,8.06,1.0,沪市
2026-06-05,7.23,600273,7.23,1.0,沪市
2026-06-09,7.0,600273,7.0,1.0,沪市
2026-06-16,7.04,600273,7.04,1.0,沪市
2026-07-10,6.56,600273,6.56,1.0,沪市
2022-12-09,5.31,600210,5.31,1.0,沪市
2023-06-09,5.1,600210,5.1,1.0,沪市
2023-12-11,4.82,600210,4.82,1.0,沪市
2024-06-07,5.55,600210,5.55,1.0,沪市
2024-12-10,7.2,600210,7.2,1.0,沪市
2025-03-10,6.95,600210,6.95,1.0,沪市
2025-06-10,6.67,600210,6.67,1.0,沪市
2025-09-10,7.65,600210,7.65,1.0,沪市
2026-01-09,7.57,600210,7.57,1.0,沪市
2026-03-10,7.31,600210,7.31,1.0,沪市
2026-05-08,6.94,600210,6.94,1.0,沪市
2026-06-05,6.54,600210,6.54,1.0,沪市
2026-06-09,6.41,600210,6.41,1.0,沪市
2026-06-16,6.71,600210,6.71,1.0,沪市
2026-07-10,6.2,600210,6.2,1.0,沪市
2022-12-09,55.95,688513,55.95,1.0,沪市
2023-06-09,54.45,688513,54.45,1.0,沪市
2023-12-11,60.71,688513,60.71,1.0,沪市
2024-06-07,55.7,688513,55.7,1.0,沪市
2024-12-10,33.35,688513,33.35,1.0,沪市
2025-03-10,30.63,688513,30.63,1.0,沪市
2025-06-10,44.87,688513,44.87,1.0,沪市
2025-09-10,54.4,688513,54.4,1.0,沪市
2026-01-09,64.58,688513,64.58,1.0,沪市
2026-03-10,62.28,688513,62.28,1.0,沪市
2026-05-08,63.03,688513,63.03,1.0,沪市
2026-06-05,47.0,688513,47.0,1.0,沪市
2026-06-09,45.55,688513,45.55,1.0,沪市
2026-06-16,45.11,688513,45.11,1.0,沪市
2026-07-10,55.87,688513,55.87,1.0,沪市
2022-12-09,25.4,688526,25.4,1.0,沪市
2023-06-09,22.43,688526,22.43,1.0,沪市
2023-12-11,18.77,688526,18.77,1.0,沪市
2024-06-07,15.67,688526,15.67,1.0,沪市
2024-12-10,15.65,688526,15.65,1.0,沪市
2025-03-10,15.02,688526,15.02,1.0,沪市
2025-06-10,17.1,688526,17.1,1.0,沪市
2025-09-10,18.11,688526,18.11,1.0,沪市
2026-01-09,16.09,688526,16.09,1.0,沪市
2026-03-10,16.14,688526,16.14,1.0,沪市
2026-05-08,14.88,688526,14.88,1.0,沪市
2026-06-05,12.54,688526,12.54,1.0,沪市
2026-06-09,12.36,688526,12.36,1.0,沪市
2026-06-16,12.5,688526,12.5,1.0,沪市
2026-07-10,12.85,688526,12.85,1.0,沪市
2022-12-09,9.09,600673,9.09,1.0,沪市
2023-06-09,6.99,600673,6.99,1.0,沪市
2023-12-11,6.77,600673,6.77,1.0,沪市
2024-06-07,8.04,600673,8.04,1.0,沪市
2024-12-10,8.74,600673,8.74,1.0,沪市
2025-03-10,10.95,600673,10.95,1.0,沪市
2025-06-10,9.92,600673,9.92,1.0,沪市
2025-09-10,24.05,600673,24.05,1.0,沪市
2026-01-09,29.52,600673,29.52,1.0,沪市
2026-03-10,38.91,600673,38.91,1.0,沪市
2026-05-08,39.9,600673,39.9,1.0,沪市
2026-06-05,33.17,600673,33.17,1.0,沪市
2026-06-09,34.71,600673,34.71,1.0,沪市
2026-06-16,32.63,600673,32.63,1.0,沪市
2026-07-10,37.15,600673,37.15,1.0,沪市
2026-05-08,127.0,688820,127.0,1.0,沪市
2026-06-05,173.3,688820,173.3,1.0,沪市
2026-06-09,169.06,688820,169.06,1.0,沪市
2026-06-16,171.91,688820,171.91,1.0,沪市
2026-07-10,191.96,688820,191.96,1.0,沪市
2022-12-09,17.45,600897,17.45,1.0,沪市
2023-06-09,20.6,600897,20.6,1.0,沪市
2023-12-11,12.8,600897,12.8,1.0,沪市
2024-06-07,13.4,600897,13.4,1.0,沪市
2024-12-10,14.95,600897,14.95,1.0,沪市
2025-03-10,14.79,600897,14.79,1.0,沪市
2025-06-10,14.72,600897,14.72,1.0,沪市
2025-09-10,14.85,600897,14.85,1.0,沪市
2026-01-09,17.26,600897,17.26,1.0,沪市
2026-03-10,16.6,600897,16.6,1.0,沪市
2026-05-08,16.02,600897,16.02,1.0,沪市
2026-06-05,15.14,600897,15.14,1.0,沪市
2026-06-09,15.15,600897,15.15,1.0,沪市
2026-06-16,15.26,600897,15.26,1.0,沪市
2026-07-10,14.67,600897,14.67,1.0,沪市
2022-12-09,11.06,600223,11.06,1.0,沪市
2023-06-09,10.25,600223,10.25,1.0,沪市
2023-12-11,9.89,600223,9.89,1.0,沪市
2024-06-07,7.65,600223,7.65,1.0,沪市
2024-12-10,7.16,600223,7.16,1.0,沪市
2025-03-10,7.32,600223,7.32,1.0,沪市
2025-06-10,8.45,600223,8.45,1.0,沪市
2025-09-10,7.99,600223,7.99,1.0,沪市
2026-01-09,7.53,600223,7.53,1.0,沪市
2026-03-10,7.1,600223,7.1,1.0,沪市
2026-05-08,6.86,600223,6.86,1.0,沪市
2026-06-05,5.78,600223,5.78,1.0,沪市
2026-06-09,5.58,600223,5.58,1.0,沪市
2026-06-16,5.5,600223,5.5,1.0,沪市
2026-07-10,5.38,600223,5.38,1.0,沪市
2022-12-09,7.87,600655,7.87,1.0,沪市
2023-06-09,7.38,600655,7.38,1.0,沪市
2023-12-11,6.43,600655,6.43,1.0,沪市
2024-06-07,5.73,600655,5.73,1.0,沪市
2024-12-10,6.45,600655,6.45,1.0,沪市
2025-03-10,5.63,600655,5.63,1.0,沪市
2025-06-10,5.65,600655,5.65,1.0,沪市
2025-09-10,6.31,600655,6.31,1.0,沪市
2026-01-09,5.24,600655,5.24,1.0,沪市
2026-03-10,4.96,600655,4.96,1.0,沪市
2026-05-08,4.91,600655,4.91,1.0,沪市
2026-06-05,4.57,600655,4.57,1.0,沪市
2026-06-09,4.42,600655,4.42,1.0,沪市
2026-06-16,4.42,600655,4.42,1.0,沪市
2026-07-10,4.35,600655,4.35,1.0,沪市
2022-12-09,12.22,603727,12.22,1.0,沪市
2023-06-09,11.2,603727,11.2,1.0,沪市
2023-12-11,12.73,603727,12.73,1.0,沪市
2024-06-07,13.71,603727,13.71,1.0,沪市
2024-12-10,12.7,603727,12.7,1.0,沪市
2025-03-10,14.12,603727,14.12,1.0,沪市
2025-06-10,14.62,603727,14.62,1.0,沪市
2025-09-10,14.1,603727,14.1,1.0,沪市
2026-01-09,15.0,603727,15.0,1.0,沪市
2026-03-10,18.66,603727,18.66,1.0,沪市
2026-05-08,17.95,603727,17.95,1.0,沪市
2026-06-05,14.45,603727,14.45,1.0,沪市
2026-06-09,14.03,603727,14.03,1.0,沪市
2026-06-16,15.89,603727,15.89,1.0,沪市
2026-07-10,16.31,603727,16.31,1.0,沪市
2022-12-09,21.65,603368,21.65,1.0,沪市
2023-06-09,22.21,603368,22.21,1.0,沪市
2023-12-11,20.49,603368,20.49,1.0,沪市
2024-06-07,21.14,603368,21.14,1.0,沪市
2024-12-10,18.68,603368,18.68,1.0,沪市
2025-03-10,17.94,603368,17.94,1.0,沪市
2025-06-10,17.0,603368,17.0,1.0,沪市
2025-09-10,18.31,603368,18.31,1.0,沪市
2026-01-09,18.67,603368,18.67,1.0,沪市
2026-03-10,17.44,603368,17.44,1.0,沪市
2026-05-08,16.92,603368,16.92,1.0,沪市
2026-06-05,16.34,603368,16.34,1.0,沪市
2026-06-09,16.15,603368,16.15,1.0,沪市
2026-06-16,15.9,603368,15.9,1.0,沪市
2026-07-10,15.28,603368,15.28,1.0,沪市
2022-12-09,4.91,601600,4.91,1.0,沪市
2023-06-09,5.58,601600,5.58,1.0,沪市
2023-12-11,5.23,601600,5.23,1.0,沪市
2024-06-07,7.92,601600,7.92,1.0,沪市
2024-12-10,7.67,601600,7.67,1.0,沪市
2025-03-10,7.79,601600,7.79,1.0,沪市
2025-06-10,6.84,601600,6.84,1.0,沪市
2025-09-10,7.6,601600,7.6,1.0,沪市
2026-01-09,14.05,601600,14.05,1.0,沪市
2026-03-10,13.7,601600,13.7,1.0,沪市
2026-05-08,11.9,601600,11.9,1.0,沪市
2026-06-05,10.68,601600,10.68,1.0,沪市
2026-06-09,10.15,601600,10.15,1.0,沪市
2026-06-16,10.07,601600,10.07,1.0,沪市
2026-07-10,8.35,601600,8.35,1.0,沪市
2022-12-09,44.68,688113,44.68,1.0,沪市
2023-06-09,46.23,688113,46.23,1.0,沪市
2023-12-11,44.4,688113,44.4,1.0,沪市
2024-06-07,28.94,688113,28.94,1.0,沪市
2024-12-10,31.41,688113,31.41,1.0,沪市
2025-03-10,32.55,688113,32.55,1.0,沪市
2025-06-10,34.25,688113,34.25,1.0,沪市
2025-09-10,38.9,688113,38.9,1.0,沪市
2026-01-09,40.47,688113,40.47,1.0,沪市
2026-03-10,42.94,688113,42.94,1.0,沪市
2026-05-08,44.66,688113,44.66,1.0,沪市
2026-06-05,40.22,688113,40.22,1.0,沪市
2026-06-09,39.33,688113,39.33,1.0,沪市
2026-06-16,39.57,688113,39.57,1.0,沪市
2026-07-10,36.1,688113,36.1,1.0,沪市
2026-01-09,22.95,603248,22.95,1.0,沪市
2026-03-10,23.56,603248,23.56,1.0,沪市
2026-05-08,30.06,603248,30.06,1.0,沪市
2026-06-05,25.71,603248,25.71,1.0,沪市
2026-06-09,24.17,603248,24.17,1.0,沪市
2026-06-16,24.25,603248,24.25,1.0,沪市
2026-07-10,19.54,603248,19.54,1.0,沪市
2023-06-09,84.2,688458,84.2,1.0,沪市
2023-12-11,73.39,688458,73.39,1.0,沪市
2024-06-07,34.57,688458,34.57,1.0,沪市
2024-12-10,35.6,688458,35.6,1.0,沪市
2025-03-10,38.32,688458,38.32,1.0,沪市
2025-06-10,41.03,688458,41.03,1.0,沪市
2025-09-10,42.85,688458,42.85,1.0,沪市
2026-01-09,41.19,688458,41.19,1.0,沪市
2026-03-10,40.19,688458,40.19,1.0,沪市
2026-05-08,38.9,688458,38.9,1.0,沪市
2026-06-05,38.0,688458,38.0,1.0,沪市
2026-06-09,38.7,688458,38.7,1.0,沪市
2026-06-16,40.61,688458,40.61,1.0,沪市
2026-07-10,38.15,688458,38.15,1.0,沪市
2022-12-09,4.41,600477,4.41,1.0,沪市
2023-06-09,4.06,600477,4.06,1.0,沪市
2023-12-11,3.29,600477,3.29,1.0,沪市
2024-06-07,2.57,600477,2.57,1.0,沪市
2024-12-10,2.93,600477,2.93,1.0,沪市
2025-03-10,2.91,600477,2.91,1.0,沪市
2025-06-10,2.59,600477,2.59,1.0,沪市
2025-09-10,2.73,600477,2.73,1.0,沪市
2026-01-09,3.6,600477,3.6,1.0,沪市
2026-03-10,3.58,600477,3.58,1.0,沪市
2026-05-08,3.11,600477,3.11,1.0,沪市
2026-06-05,2.68,600477,2.68,1.0,沪市
2026-06-09,2.62,600477,2.62,1.0,沪市
2026-06-16,2.61,600477,2.61,1.0,沪市
2026-07-10,2.39,600477,2.39,1.0,沪市
2022-12-09,13.46,603269,13.46,1.0,沪市
2023-06-09,10.63,603269,10.63,1.0,沪市
2023-12-11,13.67,603269,13.67,1.0,沪市
2024-06-07,9.7,603269,9.7,1.0,沪市
2024-12-10,10.09,603269,10.09,1.0,沪市
2025-03-10,11.97,603269,11.97,1.0,沪市
2025-06-10,8.95,603269,8.95,1.0,沪市
2025-09-10,11.22,603269,11.22,1.0,沪市
2026-01-09,13.6,603269,13.6,1.0,沪市
2026-03-10,17.93,603269,17.93,1.0,沪市
2026-05-08,16.87,603269,16.87,1.0,沪市
2026-06-05,21.97,603269,21.97,1.0,沪市
2026-06-09,22.96,603269,22.96,1.0,沪市
2026-06-16,23.47,603269,23.47,1.0,沪市
2026-07-10,16.87,603269,16.87,1.0,沪市
2022-12-09,3.53,600423,3.53,1.0,沪市
2023-06-09,3.07,600423,3.07,1.0,沪市
2023-12-11,3.49,600423,3.49,1.0,沪市
2024-06-07,2.48,600423,2.48,1.0,沪市
2024-12-10,3.24,600423,3.24,1.0,沪市
2025-03-10,3.45,600423,3.45,1.0,沪市
2025-06-10,3.3,600423,3.3,1.0,沪市
2025-09-10,3.59,600423,3.59,1.0,沪市
2026-01-09,3.79,600423,3.79,1.0,沪市
2026-03-10,3.94,600423,3.94,1.0,沪市
2026-05-08,3.22,600423,3.22,1.0,沪市
2026-06-05,2.66,600423,2.66,1.0,沪市
2026-06-09,2.5,600423,2.5,1.0,沪市
2026-06-16,2.49,600423,2.49,1.0,沪市
2026-07-10,2.45,600423,2.45,1.0,沪市
2022-12-09,10.49,601958,10.49,1.0,沪市
2023-06-09,10.87,601958,10.87,1.0,沪市
2023-12-11,9.37,601958,9.37,1.0,沪市
2024-06-07,11.17,601958,11.17,1.0,沪市
2024-12-10,10.69,601958,10.69,1.0,沪市
2025-03-10,10.69,601958,10.69,1.0,沪市
2025-06-10,10.83,601958,10.83,1.0,沪市
2025-09-10,15.48,601958,15.48,1.0,沪市
2026-01-09,18.38,601958,18.38,1.0,沪市
2026-03-10,23.96,601958,23.96,1.0,沪市
2026-05-08,20.96,601958,20.96,1.0,沪市
2026-06-05,21.96,601958,21.96,1.0,沪市
2026-06-09,20.95,601958,20.95,1.0,沪市
2026-06-16,28.88,601958,28.88,1.0,沪市
2026-07-10,22.4,601958,22.4,1.0,沪市
2022-12-09,168.97,688271,168.97,1.0,沪市
2023-06-09,136.8,688271,136.8,1.0,沪市
2023-12-11,147.31,688271,147.31,1.0,沪市
2024-06-07,121.35,688271,121.35,1.0,沪市
2024-12-10,139.21,688271,139.21,1.0,沪市
2025-03-10,135.8,688271,135.8,1.0,沪市
2025-06-10,131.77,688271,131.77,1.0,沪市
2025-09-10,152.29,688271,152.29,1.0,沪市
2026-01-09,137.41,688271,137.41,1.0,沪市
2026-03-10,123.05,688271,123.05,1.0,沪市
2026-05-08,115.94,688271,115.94,1.0,沪市
2026-06-05,112.98,688271,112.98,1.0,沪市
2026-06-09,112.74,688271,112.74,1.0,沪市
2026-06-16,111.0,688271,111.0,1.0,沪市
2026-07-10,109.0,688271,109.0,1.0,沪市
