策略,持有期,样本月数,日均收益,日均超额,t值,p值
RpsBreakoutStrategy,+5日,66,-0.011048420353687225,-0.00962635056734915,-0.9963608312026982,0.3227696440124271
RpsBreakoutStrategy,+10日,66,-0.020329222361955956,-0.024659432821587415,-1.9709917981722493,0.052985550376384236
RpsBreakoutStrategy,+20日,66,-0.04826663042102682,-0.056647189622295084,-3.2453617069088825,0.00185530047385853
RpsMultiPeriodStrategy,+5日,66,-0.013512759755295116,-0.012090689968957041,-1.6760851298109476,0.09852559110516995
RpsMultiPeriodStrategy,+10日,66,-0.008029125820978013,-0.012359336280609468,-1.29975790272221,0.19827460586556672
RpsMultiPeriodStrategy,+20日,66,-0.008429794127190287,-0.016810353328458538,-1.110370129417377,0.27093035941605453
MaVolumeStrategy,+5日,66,-0.01607133730556899,-0.014649267519230917,-2.847688009454401,0.0058889161543290115
MaVolumeStrategy,+10日,66,-0.010839508113740688,-0.015169718573372147,-2.187466445987935,0.03231120322925214
MaVolumeStrategy,+20日,66,-0.0085102514529659,-0.016890810654234156,-1.7950623251983453,0.0772928922365744
HighTightFlagStrategy,+5日,46,0.005706920211826651,-0.0018096354586907945,-0.28401475124949305,0.777701844681304
HighTightFlagStrategy,+10日,46,0.015832969819325648,0.007719131461596594,0.7853334125886884,0.4363735503705631
HighTightFlagStrategy,+20日,46,0.011081026494093062,0.0017689814938021923,0.08311581637050781,0.9341280826205637
LimitUpShakeoutStrategy,+5日,54,-0.01412588875490705,-0.015444668023081651,-1.3684824749422597,0.1769343222555679
LimitUpShakeoutStrategy,+10日,54,-0.02171934293268874,-0.025129961296472422,-2.0369084418781056,0.04666749641244337
LimitUpShakeoutStrategy,+20日,54,-0.02634812537452744,-0.03381864454461245,-1.9963915375315349,0.051039590634732984
TurtleTradeStrategy,+5日,20,0.03473084108688723,0.032457502071215366,1.0948694221952353,0.28725959941444873
TurtleTradeStrategy,+10日,20,0.11190384883335902,0.09556717530905126,1.2518642688608426,0.22581207497609831
TurtleTradeStrategy,+20日,20,0.06171841682724506,0.04722571529969688,0.6216044869526367,0.5415892743661147
UptrendLimitDownStrategy,+5日,60,-0.0007056731606758756,-0.004650403232529352,-0.43585730109123155,0.6645308678830103
UptrendLimitDownStrategy,+10日,60,-0.007496404063106563,-0.018754565833130146,-1.662861410008148,0.10164422414525598
UptrendLimitDownStrategy,+20日,60,-0.020863617245223065,-0.030519958101373652,-2.3203702203839223,0.023798159705217644
