symbol,signal_day,buy_date,state,signal_ret,gap,day0,fwd1,fwd3,fwd5,fwd10,ex1,ex3,ex5,ex10
000757,2026-07-02,2026-07-03,closed,0.010666666666666602,0.02110817941952514,-0.007751937984496138,-0.025839793281653756,-0.07235142118863058,-0.05943152454780365,-0.07751937984496127,-0.025803445971540495,-0.0544586317101855,-0.0467539545141783,-0.01286267812379227
000858,2026-07-03,2026-07-06,closed,-0.003945578231292601,-0.00409780084687883,0.011658208750514376,-0.016321492250719993,-0.02756823481003967,-0.0012343985735838725,0.04567274722260328,-0.006049699490789151,-0.03465518527965994,0.029045456973650907,0.09599845987262912
603713,2026-07-07,2026-07-08,closed,0.014932992980217108,-0.010186116700201198,-0.032905602845889836,-0.034303138101892894,-0.08779062380891878,-0.08524965061618595,-0.17037225257273536,-0.059700706492740285,-0.07514199170997893,-0.09182073180286254,-0.16232058056282017
000987,2026-07-07,2026-07-08,closed,0.007371007371007154,-0.01707317073170722,-0.021091811414392203,-0.007444168734491385,-0.048387096774193616,-0.03598014888337475,-0.058312655086848686,-0.03284173712533878,-0.03573846467525377,-0.04255123007005135,-0.050260983076933496
603713,2026-07-08,2026-07-09,closed,-0.04275653923541234,-0.0015764582238571023,0.00013157894736859355,-0.018552631578947376,-0.03671052631578953,-0.1473684210526316,-0.164078947368421,0.0010371691577977238,-0.02034344733624094,-0.11089024584115525,-0.13366436979721097
603518,2026-07-08,2026-07-09,closed,-0.013959390862944177,-0.005148005148005064,0.005174644243208126,0.010349288486416475,0.02457956015523921,0.04527813712807238,-0.023285899094437346,0.029939089223161575,0.0409466391347878,0.08175631233954872,0.007128678476772676
001314,2026-07-09,2026-07-10,closed,0.034494594130770606,0.013271400132713884,0.0026195153896528822,-0.03487229862475438,0.014407334643091074,0.005402750491159125,-0.21398166339227243,-0.01700829422547856,0.013153147832425827,0.058049312657597385,-0.1864558606321829
003004,2026-07-09,2026-07-10,closed,0.05178638117764223,-0.0024855012427505985,-0.015068818224964309,-0.06264831514000946,-0.10334598955861418,-0.24228761271950638,-0.3236829615567157,-0.044784310740733635,-0.10460017636927943,-0.18964105055306812,-0.2961571587966262
002745,2026-07-10,2026-07-13,closed,0.00943396226415083,-0.030373831775700966,-0.07148594377510031,-0.013654618473895597,-0.06425702811244971,-0.2024096385542169,-0.11887550200803199,-0.03519045484762706,-0.06490681536090226,-0.1817378424515348,-0.12037569911655333
002674,2026-07-10,2026-07-13,closed,-0.0003245699448229944,-0.01915584415584415,0.09102946044356175,0.055941741145316026,-0.14465408805031454,-0.30718305196954654,-0.21780867262495873,0.03440590477158456,-0.1453038752987671,-0.28651125586686443,-0.21930886973348007
601939,2026-07-13,2026-07-14,closed,0.014955134596211339,-0.013752455795677854,0.0,-0.003984063745019806,0.01195219123505975,0.014940239043824688,0.059760956175298974,-0.0019577954353224847,0.06770261102014485,0.0268808157390914,0.10708252510198768
601328,2026-07-13,2026-07-14,closed,0.024205748865355314,-0.002954209748892156,0.004444444444444473,0.01185185185185178,0.01185185185185178,0.008888888888888724,0.053333333333333455,0.013878120161549101,0.06760227163693688,0.020829465584155438,0.10065490226002216
603991,2026-07-14,2026-07-15,closed,0.06284276404929345,0.0016390457111636891,-0.10145454545454546,-0.05193939393939395,-0.23206060606060608,-0.2514545454545454,-0.3091515151515152,-0.033482530530294374,-0.19268927880386588,-0.2369272522808208,-0.27018567943261995
600938,2026-07-14,2026-07-15,closed,0.024288688410825765,-0.0199864498644986,0.029726927065329978,0.0010369858278604926,0.10162461113031451,0.11959903214656076,0.08814379536812988,0.01949384923696007,0.1409959383870547,0.13412632532028534,0.1271096310870251
603893,2026-07-16,2026-07-17,closed,0.05577197149643709,0.02141828653707689,-0.11013215859030834,-0.08370044052863435,0.0081938325991191,-0.022907488986784075,-0.17180616740088106,-0.09898517180497102,-0.033348462274359836,-0.0494242655171947,-0.18485557351843873
002958,2026-07-16,2026-07-17,closed,0.006779661016949268,-0.0033670033670034627,0.01013513513513531,0.023648648648648685,0.0033783783783785104,0.0033783783783785104,0.07094594594594583,0.008363917372312013,-0.038163916495100425,-0.023138398152032114,0.05789653982838816
001314,2026-07-17,2026-07-20,closed,-0.02088647959183676,-0.04754925907832597,-0.055052145665925756,-0.14959822191827665,-0.18533082578218507,-0.13916908873311673,-0.1622499572576509,-0.18024158065726004,-0.21353264118393733,-0.16180909146454847,-0.1502579932342607
000899,2026-07-20,2026-07-21,closed,0.09906542056074774,-0.054421768707483054,-0.006294964028776828,0.02877697841726623,-0.07194244604316535,-0.056654676258992676,-0.007194244604316502,0.033415918633069364,-0.05294420814413148,-0.020846109084880604,0.021987421865060752
600982,2026-07-20,2026-07-21,closed,0.08447937131630634,-0.04166666666666663,-0.02835538752362954,-0.013232514177693777,-0.08884688090737236,-0.06616257088846877,-0.026465028355387443,-0.008593573961890644,-0.06984864300833848,-0.030354003714356703,0.002716638113989811
603337,2026-07-21,2026-07-22,closed,0.049180327868852514,-0.012648809523809423,-0.0462195428284351,-0.033911077618688834,-0.04245164531524759,-0.0022607385079126407,0.16252197940216018,-0.036191646527144794,-0.0393106163585093,0.022538063504448758,0.17504817054258015
601886,2026-07-21,2026-07-22,closed,0.06658291457286425,-0.009422850412249661,-0.026159334126040545,-0.01189060642092743,-0.0023781212841854638,0.02853745541022601,-0.00356718192627814,-0.01417117532938339,0.0007629076725528261,0.05333625742258741,0.008959009214141833
601995,2026-07-22,2026-07-23,closed,0.0005597537083683601,-0.0013986013986013734,0.026610644257702987,-0.0025210084033614466,-0.027450980392156987,-0.014005602240896309,-0.02212885154061639,0.014147766271437878,0.006068040961894949,0.023702080623874133,-0.005908003918301374
603049,2026-07-22,2026-07-23,closed,-0.002689840678667399,-0.005186721991701226,0.024191866527632833,-0.00959332638164756,0.012095933263816416,0.04650677789363922,0.024400417101146932,0.007075448293151765,0.04561495461786835,0.08421446075840966,0.04062126472346195
002545,2026-07-23,2026-07-24,closed,0.08108108108108114,-0.01989795918367354,-0.033836543466944424,-0.041124414367516904,-0.013014055179593975,-0.024466423737636744,-0.038521603331598264,-0.05257479112115493,-0.0024896457768417424,-0.011346939749881435,-0.04825329434371395
601702,2026-07-23,2026-07-24,closed,0.06417489421720735,-0.013916500994035741,-0.02620967741935487,-0.01008064516129037,0.02822580645161299,0.053763440860215006,0.03696236559139776,-0.021531021914928394,0.03875021585436522,0.06688292484797032,0.027230674579282077
002083,2026-07-24,2026-07-27,closed,0.1002865329512892,0.08680555555555558,-0.04153354632587858,-0.13738019169329063,-0.10063897763578278,-0.12060702875399365,-0.03194888178913746,-0.10911755199681061,-0.06816489563514794,-0.08674177151555074,-0.031863330221829855
601678,2026-07-24,2026-07-27,closed,0.05144694533762073,0.02752293577981657,0.05059523809523814,-0.03273809523809523,-0.06398809523809523,-0.08482142857142849,0.10565476190476186,-0.004475455541615214,-0.03151401323746039,-0.05095617133298558,0.10574031347206947
000858,2026-07-27,2026-07-28,closed,0.004485523990757301,0.0,0.012178619756427533,0.01718538565629224,0.05548037889039237,0.04032476319350464,0.014884979702300294,0.010458645628228291,0.05139395763513699,0.03345174972426812,-0.0057440179788585954
600775,2026-07-28,2026-07-29,closed,0.09989373007438895,-0.04347826086956519,-0.027272727272727226,-0.03535353535353536,-0.015151515151515138,0.01717171717171717,0.03535353535353525,-0.024366769817137812,-0.0027426784374323665,0.00458702090876506,0.015647157760258823
601218,2026-07-28,2026-07-29,closed,0.04026845637583909,-0.03010752688172058,0.01330376940133049,0.02882483370288247,0.037694013303769314,0.024390243902439046,0.053215077605321515,0.039811599239280016,0.050102850017852085,0.011805547639486935,0.03350870001204509
603129,2026-07-29,2026-07-30,closed,0.008487269096355554,-0.00990099009900991,0.02426666666666666,0.020733333333333492,0.0016666666666667052,-0.018466666666666742,-0.06169999999999998,0.012276329385837892,-0.00958905896040485,-0.040795469318258504,-0.08680732528595148
600742,2026-07-29,2026-07-30,closed,0.02063273727647874,-0.0026954177897573484,0.020270270270270174,0.02297297297297307,0.029729729729729648,0.04054054054054057,0.03243243243243232,0.014515969025477471,0.018474004102658093,0.01821173788894881,0.007325107146480825
603980,2026-07-29,2026-07-30,closed,0.04615384615384621,-0.044117647058823484,-0.026153846153846194,0.01538461538461533,0.03846153846153855,0.041538461538461524,0.0953846153846154,0.0069276114371197295,0.02720581283446699,0.019209658886869763,0.0702772900986639
600779,2026-07-30,2026-07-31,closed,0.03064861012116893,-0.03769017980636247,0.05282069708947179,0.035573122529644285,0.03665109593963356,0.03197987782968026,0.02299676607977008,0.04538501595967792,0.02140373406742091,0.008824921754341908,0.0060654529735544305
601086,2026-07-30,2026-07-31,closed,0.03622250970245777,-0.09987515605493136,0.09708737864077666,0.09570041608876556,0.09986130374479885,0.09570041608876556,0.08737864077669899,0.1055123095187992,0.0846139418725862,0.07254546001342721,0.07044732767048334
603596,2026-07-30,2026-07-31,closed,0.018897637795275646,-0.020092735703245768,0.030362776025236515,0.06664037854889604,0.06624605678233442,0.05047318611987395,0.04258675078864371,0.07645227197892968,0.05099869491012177,0.027318230044535596,0.02565543768242806
000338,2026-07-31,2026-08-03,closed,0.07665639445300454,-0.00035778175313050387,0.01932712956334992,0.025053686471009362,0.05153901216893342,0.14817465998568347,0.10272011453113805,0.012341814136530571,0.027738118252844224,0.11321089750408508,0.05915589678673583
001228,2026-07-31,2026-08-03,closed,0.005212211466865346,0.0,0.006666666666666599,0.010000000000000009,0.014814814814814836,0.05481481481481487,0.03703703703703698,-0.002711872334478782,-0.008986079101274358,0.01985105233321649,-0.006527180707365243
600455,2026-08-03,2026-08-04,closed,0.04228520017993698,-0.0008631851532154844,0.02807775377969768,0.016414686825054092,0.026781857451403823,0.04103671706263512,0.049244060475162055,0.003977093767788986,0.006458555016748413,0.027374632541643518,0.0221018111596758
601611,2026-08-04,2026-08-05,closed,0.043927648578811374,-0.02970297029702962,0.07993197278911568,0.018707482993197244,0.012755102040816313,-0.013605442176870763,-0.0909863945578232,0.020176970407624006,0.003337252926352674,-0.020638613186276134,-0.0760760058972828
603798,2026-08-04,2026-08-05,closed,0.06350482315112549,-0.005291005291005346,-0.006079027355623157,0.028875379939209633,0.050151975683890626,0.03495440729483268,-0.0227963525835867,0.030344867353636396,0.04073412656942699,0.02792123628542731,-0.007885963923046302
002348,2026-08-05,2026-08-06,closed,0.09981851179673318,-0.03135313531353123,0.009369676320272413,0.03662691652470196,0.015332197614991383,0.06984667802385003,-0.03662691652470185,0.02735496908314472,0.012649318912738572,0.06712884142651143,-0.024036957455538133
603268,2026-08-05,2026-08-06,closed,0.10003181673560291,0.01868456065251345,0.022146507666098936,0.039806927881885334,-0.016183986371379855,-0.016127200454287394,0.0006246450880182941,0.030534980440328097,-0.018866865073632666,-0.01884503705162599,0.013214604157182008
000518,2026-08-06,2026-08-07,closed,0.01799485861182526,0.0,0.05303030303030298,0.04292929292929282,0.07575757575757569,0.012626262626262541,-0.04040404040404044,0.041312868892030785,0.07650739951171515,0.018709058719041716,-0.024313397789106794
001210,2026-08-06,2026-08-07,closed,0.04761904761904767,-0.008723599632690648,0.013432144511347888,0.0467809170912461,0.017137563686892232,0.11347846225104208,0.32700324224177857,0.04516449305398407,0.017887387441031688,0.11956125834382125,0.3430938848567122
000657,2026-08-10,2026-08-11,closed,0.08640501417698832,-0.05192307692307696,-0.012605042016806567,0.02042886119965237,-0.010576644450883688,0.05679513184584173,-0.07548536656041716,0.01461217400711301,-0.01102531400574569,0.04349665200690733,-0.05152229550619025
603328,2026-08-10,2026-08-11,closed,0.052534562211981495,-0.03677758318739055,0.0036363636363636598,0.010000000000000009,-0.01909090909090916,0.05909090909090908,-0.008181818181818179,0.0041833128074606485,-0.01953957864577116,0.04579242925197469,0.015781252872408724
600196,2026-08-11,2026-08-12,closed,0.008706467661691475,0.0004110152075627038,-0.003697617091207861,0.003697617091207972,-0.013557929334428898,-0.029170090386195557,-0.06080525883319643,0.009446003360714217,-0.024255540344985227,-0.007379785655765914,-0.039460496034711245
601199,2026-08-11,2026-08-12,closed,0.044554455445544594,-0.018957345971563955,0.027375201288244666,0.030595813204508993,0.024154589371980784,0.004830917874396157,0.0032206119162641045,0.03634419947401524,0.013456978361424454,0.0266212226048258,0.02456537471474929
600572,2026-08-12,2026-08-13,closed,0.09953703703703698,0.006315789473684275,-0.02092050209205032,0.004184100418409997,-0.04184100418410042,-0.05648535564853563,-0.05648535564853563,0.003770309648339021,-0.055104157253473396,-0.041219051302690546,-0.049265876319924296
000608,2026-08-13,2026-08-14,closed,-0.02051282051282055,-0.005235602094240788,0.021052631578947434,-0.002631578947368318,-0.02763157894736845,-0.009210526315789447,-0.02763157894736845,-0.01875219942094586,-0.011089966186203393,0.0008585684567050667,-0.015479276398388087
000998,2026-08-18,2026-08-19,closed,0.10023866348448696,0.0249457700650757,-0.03703703703703698,-0.06455026455026447,-0.08253968253968247,-0.06560846560846556,-0.006349206349206216,-0.06543286746612309,-0.07696729820424986,-0.0660639322983777,0.002529125204392746
600598,2026-08-18,2026-08-19,closed,0.09967320261437917,0.008172362555720625,0.021370670596904784,-0.01915991156963892,-0.05895357406042745,-0.03905674281503324,-0.06632277081798088,-0.020042514485497542,-0.05338118972499484,-0.039512209504945384,-0.05744443926438192
600801,2026-08-19,2026-08-20,closed,0.008779631255487308,-0.0013054830287206887,-0.007843137254901933,0.01002178649237484,0.015250544662309462,0.04313725490196085,0.04095860566448817,0.004328030028382779,0.024116692395149353,0.034965680137386324,0.04970499943728224
601009,2026-08-19,2026-08-20,closed,0.02528334786399289,-0.005102040816326592,0.01880341880341896,0.006837606837606813,-0.008547008547008517,-0.006837606837606813,0.012820512820512775,0.001143850373614752,0.00031913918583137413,-0.015009181602181343,0.021566906593306845
002612,2026-08-20,2026-08-21,closed,0.01308900523560208,-0.007751937984496138,-0.02734375,-0.044921875,-0.03385416666666663,-0.02278645833333326,0.09244791666666674,-0.032847571594427305,-0.0277683020668702,-0.020682061182496603,0.10778706668073923
002841,2026-08-20,2026-08-21,closed,0.00303889789303069,0.0,-0.00727125833165021,-0.015754393051908733,-0.037770147444960545,-0.05413047869117349,-0.013330640274691885,-0.0036800896463360377,-0.03168428284516411,-0.05202608154033683,0.002008509739380604
600916,2026-08-21,2026-08-24,closed,0.05851755526657998,0.004914004914004844,-0.007334963325183463,-0.024449877750611138,-0.004889975550122161,-0.028117359413202925,-0.033007334963325086,-0.02201733692885055,-0.019605751782664216,-0.04169575845070561,-0.03561300256429201
600028,2026-08-24,2026-08-25,closed,0.045098039215686336,0.0,0.0056285178236397115,0.0,0.024390243902439046,0.03564727954971847,0.04878048780487809,-0.008514882371161825,0.011835405731337234,0.022595959589173376,0.047306420191088216
600801,2026-08-25,2026-08-26,closed,-0.012293344637558268,0.0042918454935620964,0.02051282051282044,0.023076923076923217,-0.002136752136752018,-0.0017094017094017033,0.07264957264957284,0.014474917757577366,-0.009608233080119155,0.00762014723533333,0.07661185365131751
002423,2026-08-25,2026-08-26,closed,0.034408602150537426,-0.005197505197505059,0.01567398119122254,0.0428422152560084,0.028213166144200663,0.013584117032392706,0.024033437826541215,0.03424020993666255,0.020741685200833526,0.02291366597712774,0.027995718828285887
002078,2026-08-26,2026-08-27,closed,0.08789625360230535,0.026490066225165476,-0.039354838709677376,-0.05096774193548381,-0.03870967741935483,-0.05161290322580647,-0.06580645161290322,-0.046410782097202063,-0.03464080901398836,-0.034832060598578796,-0.04812069610783665
000728,2026-08-26,2026-08-27,closed,0.04625850340136073,-0.011703511053316129,0.015789473684210575,0.013157894736842257,0.03684210526315801,0.010526315789473717,0.019736842105263275,0.017714854575124006,0.040910973668524475,0.027307158416701394,0.037422597610329844
600095,2026-08-27,2026-08-28,closed,0.10034602076124566,0.022012578616352307,-0.02051282051282044,-0.02358974358974364,-0.015384615384615441,0.04307692307692301,-0.12,-0.027041550635682254,-0.002102426361839105,0.056339585849910834,-0.09851570127441311
601038,2026-08-27,2026-08-28,closed,-0.0006978367062107083,-0.004888268156424624,0.0056140350877194045,0.022456140350877174,0.01824561403508773,0.023859649122806914,0.03719298245614033,0.01900433330493856,0.03152780305786407,0.037122311895794735,0.058677281181727214
600551,2026-08-28,2026-08-31,closed,0.0997067448680351,-0.046666666666666634,0.15384615384615374,0.26993006993006996,0.11328671328671325,0.1398601398601398,0.055944055944055826,0.27288136385083706,0.12896424604823797,0.1506858751431288,0.08729652692299894
000567,2026-08-28,2026-08-31,closed,0.10047095761381475,0.0,-0.01854493580599148,0.011412268188302432,-0.03566333808844513,-0.04564907275320962,-0.1426533523537803,0.014363562109069528,-0.019985805326920403,-0.034823337470220594,-0.11130088137483718
601136,2026-08-31,2026-09-01,closed,0.09986130374479885,0.0,-0.017654476670870056,-0.04602774274905419,-0.020176544766708715,-0.023329129886506927,-0.10970996216897855,-0.0322619776084474,-0.006430296306358052,-0.011901029336570335,-0.07471004890977972
601330,2026-08-31,2026-09-01,closed,0.10000000000000009,0.001280409731114096,0.019181585677749302,-0.0012787723785167016,0.012787723785166127,0.04603580562659837,0.04859335038363155,0.012486992762090088,0.02653397224551679,0.05746390617653496,0.08359326364283037
601900,2026-09-01,2026-09-02,closed,0.06350550381033027,-0.014331210191082744,-0.03392568659127626,-0.026655896607431395,0.019386106623586308,-0.0056542810985460434,-0.001615508885298933,-0.02767173667638534,0.013436186219712765,-0.011072094799634113,0.013268527034102306
603230,2026-09-01,2026-09-02,holding,0.04329004329004338,-0.0010373443983402453,-0.015576323987538943,-0.023883696780893082,0.03322949117341634,0.03530633437175501,0.15680166147455865,-0.024899536849847026,0.027279570769542794,0.02988852067066694,0.1716856973939599
002181,2026-09-02,2026-09-03,closed,0.024008350730688965,0.0010193679918450993,-0.044806517311608896,-0.03258655804480659,0.0478615071283095,-0.060081466395112026,-0.02342158859470478,-0.03159151786978498,0.04650842821481427,-0.05916110914713402,-0.003121011778921212
603533,2026-09-02,2026-09-03,closed,-0.028169014084507116,0.01200828157349898,-0.047054009819967324,-0.018003273322422353,0.01104746317512273,-0.039279869067103124,-0.04132569558101484,-0.017008233147400742,0.009694384261627498,-0.038359511819125114,-0.021025118765231277
001299,2026-09-03,2026-09-04,closed,0.09970958373668926,0.07570422535211274,-0.042553191489361764,-0.11211129296235689,-0.12029459901800332,-0.10801963993453356,-0.19394435351882167,-0.11804130692438464,-0.12569251680694582,-0.09968749758781348,-0.18500491793653917
000993,2026-09-03,2026-09-04,closed,0.022417153996101336,0.0,0.022878932316491962,-0.0028598665395613843,0.09342230695900855,0.3231649189704482,0.8684461391801717,-0.008789880501589131,0.08802438917006605,0.3314970613171683,0.8773855747624542
605088,2026-09-04,2026-09-07,closed,0.04258241758241765,-0.008783487044356608,-0.02658396101019056,-0.03101462117855558,-0.09437306158617631,0.007532122286220577,0.08728400531679226,-0.027456166789284975,-0.08855232200470997,0.028283506979620898,0.09503369821430985
002403,2026-09-04,2026-09-07,closed,0.10048780487804865,0.09042553191489366,0.008943089430894169,0.10975609756097549,-0.0487804878048782,-0.19268292682926835,-0.17560975609756102,0.11331455195024609,-0.042959748223411864,-0.17193154213586803,-0.16786006320004343
603355,2026-09-07,2026-09-08,holding,0.09985369422092183,0.02693714665779834,-0.038212435233160646,-0.025582901554404125,-0.02266839378238339,-0.03303108808290156,0.050518134715025864,-0.028623215325314644,-0.012010843669852278,-0.009186780225906022,0.05362250127245183
600770,2026-09-07,2026-09-08,holding,0.10039370078740162,0.025044722719141488,0.029668411867364686,-0.006980802792321161,-0.03315881326352532,-0.029668411867364908,0.15706806282722496,-0.01002111656323168,-0.02250126315099421,-0.005824104010369369,0.16017242938465093
603331,2026-09-08,2026-09-09,closed,0.07509881422924902,0.006617647058823506,0.013148283418553675,-0.009495982468955333,-0.046749452154857485,-0.046749452154857485,-0.07815924032140253,-0.004201401705276053,-0.026516324393846213,-0.026557001470345343,-0.06606087177834175
600389,2026-09-08,2026-09-09,closed,0.061170212765957466,0.0025062656641603454,0.0029999999999998916,-0.02300000000000002,-0.046499999999999986,-0.06699999999999995,-0.06899999999999995,-0.01770541923632074,-0.026266872238988714,-0.046807549315487806,-0.05690163145693916
601886,2026-09-09,2026-09-10,closed,-0.0007457121551081025,-0.013432835820895495,-0.01966717095310133,-0.04160363086232988,-0.009833585476550777,0.015885022692889494,-0.00907715582450841,-0.03319735963229009,0.0117894503669016,0.03528309541752406,0.014941452957939916
600379,2026-09-09,2026-09-10,closed,-0.017699115044247815,-0.005544005544005581,0.014634146341463428,-0.010452961672473893,-0.05505226480836234,-0.017421602787456414,0.01881533101045285,-0.002046690442434107,-0.03342922896490996,0.001976469937178149,0.04283393979290118
600101,2026-09-10,2026-09-11,closed,0.06792452830188678,-0.028268551236749095,-0.0060606060606061,-0.010909090909090868,-0.013333333333333308,-0.037575757575757485,,-0.004241249116514023,-0.00670673180855208,-0.03696336177117876,
000889,2026-09-10,2026-09-11,closed,0.05527638190954787,-0.03333333333333344,0.009852216748768461,-0.01724137931034464,-0.03201970443349744,-0.0418719211822659,,-0.010573537517767795,-0.025393102908716214,-0.04125952537768718,
002508,2026-09-11,2026-09-14,closed,0.039191671769748915,-0.005303476723629963,0.004146919431279539,-0.024289099526066393,-0.045616113744075815,-0.0308056872037914,,-0.01758341869254587,-0.04116932013628016,-0.044082899540529796,
001896,2026-09-14,2026-09-15,closed,0.09991532599491948,0.03541185527328716,-0.07063197026022305,-0.08029739776951672,-0.09962825278810405,-0.09739776951672852,,-0.0870901456998725,-0.11251645154586809,-0.11864432010953219,
000726,2026-09-14,2026-09-15,holding,0.04302925989672968,-0.009900990099009799,-0.00666666666666671,0.026666666666666616,0.03333333333333344,0.016666666666666607,,0.019873918736310836,0.0204451345755694,-0.004579883926137063,
002487,2026-09-15,2026-09-16,closed,0.10013947001394685,0.042089249492900604,-0.047201946472019585,0.002676399026763976,-0.03406326034063256,-0.0781021897810219,,0.007164523397895417,-0.04729840609530611,-0.08636307953136724,
002522,2026-09-15,2026-09-16,holding,0.10037878787878785,0.008605851979346157,0.015358361774743923,0.011945392491467421,0.06655290102389078,-0.017064846416382395,,0.016433516862598863,0.053317755269217226,-0.02532573616672773,
001378,2026-09-16,2026-09-17,holding,0.10000000000000009,-0.01197339246119733,0.026481149012567373,0.057899461400358954,0.05026929982046657,0.039946140035906685,,0.04730948256551892,0.03133993405780333,0.04465807862106952,
603155,2026-09-16,2026-09-17,holding,0.10000000000000009,0.014935064935065023,-0.04414587332053754,-0.03454894433781197,-0.021753039027511245,-0.024312220089571346,,-0.045138923172652,-0.04068240479017449,-0.019600281504408512,
000920,2026-09-17,2026-09-18,holding,0.10017421602787469,0.04275534441805218,-0.0007593014426727773,-0.0174639331814731,-0.0577069096431283,,,-0.02460154021951022,-0.059900195207533424,,
603266,2026-09-17,2026-09-18,holding,0.07258548290341915,-0.027404921700223572,-0.014951121334100148,-0.011500862564692294,0.04427832087406558,,,-0.018638469602729413,0.04208503530966046,,
002980,2026-09-18,2026-09-21,closed,0.10000859180341948,0.0027337342810278553,-0.07734849665056853,-0.11902165446331203,-0.1578906371708989,,,-0.12012814814717832,-0.13576935462510442,,
002453,2026-09-18,2026-09-21,closed,0.10103092783505163,0.09550561797752799,0.0034188034188034067,-0.09230769230769231,-0.14188034188034193,,,-0.0934141859915586,-0.11975905933454745,,
601886,2026-09-21,2026-09-22,holding,-0.007320644216691097,0.017699115044247815,-0.02971014492753621,-0.011594202898550732,,,,-0.005585077318850384,,,
002988,2026-09-21,2026-09-22,holding,0.020019065776930578,-0.006230529595015688,-0.007523510971786829,-0.009090909090909038,,,,-0.003081783511208691,,,
600587,2026-09-22,2026-09-23,holding,0.0029850746268655914,-0.0007440476190475609,-0.03201787043931492,-0.035740878629933026,,,,-0.018443961614180826,,,
000756,2026-09-22,2026-09-23,holding,0.10020449897750505,-0.024783147459727428,-0.07687420584498095,-0.11562897077509526,,,,-0.09833205375934306,,,
603217,2026-09-23,2026-09-24,holding,0.012658227848101333,-0.006249999999999978,-0.017819706498951815,,,,,,,,
