date,model_intra,random_intra,pool_intra,model_hold,random_hold,pool_hold,model_full,random_full,pool_full
2020-10-09,0.015256425044177114,0.012513196014843799,0.01296782827061916,-0.029205779123139097,-0.03505348708478529,-0.032415536674019065,-0.014114326434760904,-0.022980912425141203,-0.019889871239246015
2020-11-02,-2.226603756687595e-05,-0.003490684148419308,-0.0016695529435969722,0.06264613198489094,0.06018639065785984,0.052620468218046765,0.06408831965138201,0.05661803228477093,0.05079110032299839
2020-12-01,0.009596094468938488,0.01400198051608078,0.01379131082642151,-0.0035251226543033475,-0.03920262385452668,-0.03197900356434827,0.006409639746233087,-0.02568233127027431,-0.018575932964616883
2021-01-04,0.031694467895185215,0.01163937646504078,0.011793781942887408,-0.11828948626684152,-0.07034592610299711,-0.06844891476648508,-0.09303490102903003,-0.060203080805345005,-0.057471147133104264
2021-02-01,0.023619786052038072,0.013037890689002908,0.009356395288203033,-0.019495057689930782,0.030531814776741405,0.030563155622324107,0.004006495977793267,0.04353875136014583,0.03997665660162572
2021-03-01,0.007460002903284235,0.019013831343981213,0.016922818198349666,0.03631772690566165,0.012545664407721709,0.008829437386152331,0.04458035372545584,0.03146616559444395,0.025560829201667655
2021-04-01,0.02033175996138059,0.004846246226514226,0.00394239890621728,-0.0006080314488427829,0.011731894362687107,-0.0005252383720948043,0.022346665350641882,0.017447172809671778,0.0035096928367555247
2021-05-06,0.0067357023312177525,0.0038864218200110154,0.0049988982761590365,0.07047907073094387,0.03879199149435514,0.039628463116844634,0.08645657109289887,0.043015516321541325,0.04506109592180838
2021-06-01,0.017424402691353823,0.006973402920306937,0.006370705395303799,0.02441111280216861,0.0032122377298909144,-0.0068348196357087805,0.04147864788951193,0.01017932768185969,-0.0004682205089954389
2021-07-01,-0.01932744880856247,-0.012785912404609636,-0.012637399270070179,-0.07616000448992831,0.0077528534179829595,-0.006979123330825375,-0.09630220586602198,-0.006557022475550442,-0.020735146509486203
2021-08-02,0.005357544800316716,0.018420849717219124,0.01958227709911198,0.27215741061167853,0.07296908891259914,0.060031793047978274,0.2788200336962963,0.0921048748309218,0.08034262357703412
2021-09-01,-0.06270971932592116,-0.0019217575714666952,-0.0027699301017873055,-0.06713148121265342,-0.011740654894507105,-0.005959821173877872,-0.1258246605812905,-0.013862645321598626,-0.008355450624951103
2021-10-08,-0.05897843849100888,0.004290722476508361,0.004905590633222704,-0.05612999282467869,-0.02555490827016701,-0.03594437716249781,-0.10856896546793578,-0.021857863556853104,-0.031701314043008855
2021-11-01,0.01639191840500458,0.00994674069090122,0.012177705040292768,0.009153576076715441,0.07398219596478396,0.07028571277318975,0.0226377166808996,0.08500108145888798,0.08356984993071417
2021-12-01,-0.0029021267540700114,0.011355937154791152,0.011346032895550143,0.05364687806298811,0.052149764851255075,0.036993133722597354,0.04982938969498205,0.0641645725749629,0.04887692987332929
2022-01-04,0.007289709123424204,0.005998382241068506,0.008539317357796259,-0.08884558825997273,-0.08719193836959478,-0.09391376908790129,-0.08143250855286253,-0.08126931641951347,-0.08594797544206735
2022-02-07,-0.008231062077814145,0.006624890969276817,0.005877772036315641,0.006693510388862312,0.0225367865958579,0.03128321933481985,-0.0018130213820251816,0.029407280280873714,0.03721042837694189
2022-03-01,0.017058396819708645,0.007010804923210531,0.006675325156553307,-0.08637286076678333,-0.060067390322452875,-0.05069701434479685,-0.07090841568557775,-0.052821574609453144,-0.04404472040812227
2022-04-01,0.014804885835982506,0.005286473327304175,0.006723101970811086,-0.06852484062756839,-0.12083422110478938,-0.13187259225965223,-0.05460041665719747,-0.11586869968600116,-0.125830524193781
2022-05-05,0.03153470785774061,0.018894960346271063,0.01836072472300751,0.0551184761092369,0.0899792941925165,0.08338793207232287,0.08695715017958928,0.11072632532314315,0.10336395587622524
2022-06-01,0.0024489224905781537,0.006557468347210506,0.006853761450765649,0.08005881850110752,0.052944582376445795,0.05249495306605045,0.08278294682553619,0.05987770754741098,0.059571720615726825
2022-07-01,0.007798072989656057,-0.0005359191862511096,-0.0002967087703070149,0.23779566142144443,0.024873432209678914,0.020641082965258694,0.24568863298850588,0.024381347520530047,0.020650295172806605
2022-08-01,0.008455218990157743,0.004688583710110899,0.004663698934886968,-0.07729739382807635,-0.02399561246636684,-0.027506147155426548,-0.07142948731298664,-0.019489454533458274,-0.023367581830470007
2022-09-01,-0.021385998357201043,-0.001146015505553869,-0.0030846699201324823,-0.1513603447554778,-0.06697933661409866,-0.07840008701869514,-0.16825311395830836,-0.06786732150439535,-0.08122886185657968
2022-10-10,-0.023394936664621592,-0.01586900859321158,-0.01731857345332332,0.021102388248111593,0.035899725253417954,0.033837501174958075,-0.0024725874055962936,0.019423056344365454,0.015661698122137257
2022-11-01,0.021490303779558118,0.0244546754346932,0.024206940103794795,0.10675528480957244,0.0653606807225421,0.06626305774261558,0.13084650951834123,0.09143947147910514,0.09215165988819637
2022-12-01,0.011922390374857294,-0.003074363424584964,-0.0009493765625124944,-0.06148115249663875,-0.04680547441626793,-0.040419169110957165,-0.05075881271818591,-0.04966801062477136,-0.04122929297743755
2023-01-03,0.036285872718532716,0.0193763267744631,0.018012749768001136,0.02624573014691295,0.06139914238270897,0.05432655165773248,0.06332835225864267,0.0826639519140697,0.07368983898536816
2023-02-01,0.006771491991988399,0.013372728690606775,0.012838549194590924,0.05861090440292675,0.015808296064595252,0.016187368282225372,0.06622624782570057,0.02965571973328178,0.029129812205970267
2023-03-01,0.00818848938960125,0.006420015062659174,0.006827192085627915,-0.07955592718974294,-0.029057806300156076,-0.031192645804233785,-0.07191915235301925,-0.022338561385300857,-0.024167455596982274
2023-04-03,0.03240289237867664,0.009000641211332596,0.007663924942850796,0.04008716500467805,-0.023388964156734252,-0.031087006593366363,0.07621488405734277,-0.014698056715421709,-0.023713783667036997
2023-05-04,0.027847851327655927,0.00873045338146464,0.010710379371658366,-0.06323453377856428,-0.01834531082040695,-0.022669687006556267,-0.03725939279599486,-0.009679319576611854,-0.012318386157606501
2023-06-01,0.004406417021346876,0.0030240860687708996,0.0036317537995326733,-0.00829116430738427,0.01238861997868808,0.013842344462039677,-0.006119419867933906,0.014954737728090351,0.017351587142038667
2023-07-03,-0.015602040279400542,0.005240959109312778,0.004535097735535565,-0.10162851532004376,0.013659439468995102,0.014633038902684213,-0.11550927156913662,0.0193085021266402,0.01964322032202667
2023-08-01,0.004638300742243762,-0.0020305573606029495,-0.001026995735971292,0.006941892826986496,-0.044321952218666576,-0.04935562005134948,0.011661999890495434,-0.04642410566316825,-0.050501605836909276
2023-09-01,-0.005202575188342629,0.002540648348810241,0.0026059978608628386,-0.012232213487644205,0.003985685103109887,-0.0025036838762957656,-0.01707014254546112,0.0062778590005281186,2.3589042545699213e-05
2023-10-09,0.008056441241447998,-0.00386220789924117,-0.005307931695250271,-0.028177310755156938,-0.003344124127247401,-0.005799639062813989,-0.020110897650280467,-0.007270687331616242,-0.011058806966549744
2023-11-01,-0.012528546360908032,-0.0013763747397178545,0.0019067975799209064,0.018988589578412186,0.020970042323269485,0.02992144931488804,0.006383611103350462,0.019827574290607105,0.03212340911793612
2023-12-01,0.011742196231980074,0.003961241664734116,0.005017811956717456,-0.034563473643000386,-0.03050700362710129,-0.021958325577122333,-0.022253679717755805,-0.02675743191375767,-0.017153328354565466
2024-01-02,-0.01446339852911246,0.0011253800287251117,0.0038687507504171935,-0.21633427225002708,-0.1595614938423119,-0.1533714537924106,-0.22664946813876083,-0.15859275079098467,-0.1499328977785368
2024-02-01,0.0013636440460419786,-0.008186367285842032,-0.008459632771432924,0.040146808323918336,0.06341347216706722,0.068055740208317,0.04278057711743262,0.05537596932440927,0.059633158992430664
2024-03-01,0.005491759053702539,0.00504102059832029,0.005796255699612566,0.03022485624811123,0.03842063566101558,0.03757613010781956,0.03611601402820659,0.043781546100006424,0.04362897840155272
2024-04-01,0.028017961591608808,0.01716393785772839,0.018118898183502645,0.027456482530613557,-0.030034558270929376,-0.02561798258998842,0.05526816752669782,-0.013380029488156607,-0.008174987946565937
2024-05-06,0.0014281339665049742,0.01104295471995744,0.01148052721377402,-0.011148619511909773,-0.03824906384093469,-0.039249549309829344,-0.009865691965599676,-0.02788605711306186,-0.028272890303894724
2024-06-03,-0.004918199213897967,-0.017620386971278726,-0.017004370198068493,-0.06932301518383624,-0.0805835568868528,-0.08026288387441236,-0.07414684836629298,-0.09655596426295274,-0.09572328250846544
2024-07-01,0.014188157554615999,0.013672110454204243,0.012663008703346563,0.0024582257565432864,-0.012404275668175974,-0.008696979799954778,0.01680852565500045,0.0008869669223465174,0.0036145575741846265
2024-08-01,0.007471944891968596,-0.0023908696200292314,-0.0005960668197799127,0.040092849962475904,-0.040305595180131645,-0.03657981029136813,0.05094875545532179,-0.04264882809573463,-0.037329178442207324
2024-09-02,-0.0167898438792356,-0.013451808356780184,-0.012672724374050013,0.16239379197277945,0.2240319233388297,0.22188326969586306,0.14043456789657704,0.20708578344319523,0.20578915500737344
2024-10-08,-0.029869043315276463,-0.04295524946013587,-0.044822525790333204,0.2532742353101534,0.004425850104505143,0.005090071338227497,0.2191394472316323,-0.03796915954843606,-0.03934677442137653
2024-11-01,-0.015976079400083432,-0.0202160079968423,-0.019961057650051017,0.08469404245258172,0.06994939446080364,0.06831224420341087,0.06623271700838004,0.047698141516365894,0.04637946301185934
2024-12-02,0.0546966943728,0.02007122275327484,0.01907287162180084,-0.09782849264329836,-0.0563608551197468,-0.05155295235105005,-0.04942509639739205,-0.03790025255074245,-0.033770713312789025
2025-01-02,0.010670649575536997,-0.015409323178613587,-0.014747475331493582,0.008158192269678316,-0.002591510875709877,-0.0010881663858126828,0.016726176591885245,-0.018516316115853727,-0.016175117992233687
2025-02-05,-0.017878574722836982,-0.00129422205423462,-0.0025887110835356693,0.056140398368433195,0.04880234967063674,0.04884644820742801,0.03769277019513402,0.047997899030618185,0.04666501811436622
2025-03-03,-0.027458347504466428,-0.0005971561780838992,0.0014189711909426725,0.04380033273827798,0.008553516243851695,0.004692491889257468,0.015191659931309475,0.007891681039245427,0.00602551194842351
2025-04-01,-0.01688210235223735,0.009408815611934516,0.008933384579156982,-0.018337027923503058,-0.02395662006044107,-0.028347260936522456,-0.034936848636365515,-0.015009535733243156,-0.019674545400510064
2025-05-06,-0.003692852435835037,0.016768427384137995,0.017432597812702278,0.050892179088726563,0.017991330226510244,0.02001766131262561,0.047007255734375454,0.03501257232786971,0.03777091005184576
2025-06-03,0.03545732375346927,0.011538587467431062,0.011202433739578525,0.07284375376925667,0.028367669664850218,0.030910392623736932,0.1113472699644038,0.03985783147940853,0.04227668246049014
2025-07-01,0.00478351672729703,0.003458089628505408,0.003638737740914631,0.07371441471556431,0.02979398728841847,0.03722704907770736,0.076128337277298,0.03306509527024944,0.041049033767891985
2025-08-01,-0.006268292396949748,0.005244793597270682,0.003896696133112664,0.13392779759489679,0.0688919522842098,0.07047396007557415,0.12753781301902506,0.07438765723260192,0.07431814934933091
2025-09-01,0.00790907443097354,0.005721246066693641,0.006065963669829696,0.11041279713475494,0.014704606378466375,0.0004806268824889565,0.11524394046569339,0.020615668315075993,0.006495683803402617
2025-10-09,0.003489501342711976,0.00581655048124833,0.004748927318326483,-0.04805973936001161,0.01063127083004127,0.01348977065651034,-0.04513415228372223,0.016471794947154082,0.018224732648283573
2025-11-03,0.024651677720462496,0.006770511780090572,0.006749506939959422,-0.0429517893100236,-0.011023723107877066,-0.009674747419523155,-0.02119676550770646,-0.004531208048923483,-0.0028165255870500183
2025-12-01,0.01141700450923786,0.005601946446256581,0.004463686401608479,-0.029101932287064935,0.018642943040588406,0.013577611565210923,-0.017862031516913325,0.023918562613147162,0.018140393728898724
2026-01-05,0.01234102780292121,0.011532498785335639,0.007831151708011394,0.20400754373705524,0.0599283942001716,0.05816127666935139,0.22061715810970065,0.0719870471991608,0.06649289983227691
2026-02-02,-0.03128751156355544,-0.015588135053003894,-0.015423448707680027,0.12396969007738474,0.06700586297652754,0.062082346296611385,0.0880704348811696,0.050285653725391816,0.04539463244111635
2026-03-02,0.022012277273254353,-0.004980131016992054,-0.0034412007805522823,-0.12129605102776146,-0.06185626830635728,-0.06992831946550931,-0.10413641219157074,-0.0666770759482443,-0.07330051267414225
2026-04-01,0.005565734673959899,-0.0027916945187110133,-0.0015262814818045017,0.14030754094826078,0.03490729300336472,0.036410088927089086,0.14704646667393753,0.03223875622689686,0.034735698966356914
2026-05-06,0.02535656236748207,0.008726526619417474,0.007778380560277518,0.0442441464846543,-0.05453998521174384,-0.056393130292801415,0.06962074750176564,-0.046199966587149935,-0.04878711491644922
2026-06-01,-0.03841762978651117,0.014137122956292832,0.016135652030282034,0.30681760650822487,-0.0752056079300683,-0.08438641209831582,0.2578749841497763,-0.06287317771730348,-0.07118542922454588
