date,n_picks,model_intra,random_intra,pool_intra,model_gap,random_gap,model_intra_exlimup,n_limup
2020-10-09,10,0.015256425044177114,0.013088686170520425,0.013097551875599,0.010039580815341597,0.012718586395205109,0.015256425044177114,0
2020-11-02,10,-2.226603756687595e-05,0.00046506206594876584,-0.001641186492541828,-0.003296614770724948,0.0006889540229977057,-2.226603756687595e-05,0
2020-12-01,10,0.009596094468938488,0.012665791243012803,0.01387558902610555,0.0011173175270004832,-0.0012391892850588937,0.009596094468938488,0
2021-01-04,9,0.031694467895185215,0.009818120549621183,0.011912119486825265,-0.0009606669440287306,0.00015575149929347276,0.031694467895185215,0
2021-02-01,10,0.023619786052038072,0.011685939540859778,0.00941365797802448,-0.00875901802426261,-0.004457559247348534,0.023619786052038072,0
2021-03-01,10,0.007460002903284235,0.017498878176778893,0.017029436043107513,0.0058941775576949575,0.003955709832583228,0.007460002903284235,0
2021-04-01,10,0.02033175996138059,0.0030053722132683523,0.00410091728447589,-0.00029826294007079257,-0.0006170086546010708,0.02033175996138059,0
2021-05-06,10,0.0067357023312177525,0.004316291168482141,0.005074213907669486,-0.0034298127172753823,-4.400429554359782e-05,0.0067357023312177525,0
2021-06-01,10,0.017424402691353823,0.007242195960531075,0.006537179796507639,-0.003057821283186968,0.00010251583099324908,0.017424402691353823,0
2021-07-01,9,-0.01932744880856247,-0.013955961298987392,-0.012648006840286875,-0.0006121426798713451,0.0012650121726147949,-0.01932744880856247,0
2021-08-02,10,0.005357544800316716,0.01961694836625114,0.01971807587864986,-0.002690345911776193,-0.001213203738628429,0.005357544800316716,0
2021-09-01,10,-0.06270971932592116,-0.001022078536493241,-0.002734947188742197,0.0024111383347506176,-0.0005728355469842313,-0.06270971932592116,0
2021-10-08,10,-0.05897843849100888,0.0043902534299643785,0.004924568893915381,0.02841415086730046,0.009630097975935396,-0.05897843849100888,0
2021-11-01,10,0.01639191840500458,0.013606188575212664,0.01221261693551097,-0.00020466968067703873,-0.0010820492188643453,0.01639191840500458,0
2021-12-01,10,-0.0029021267540700114,0.015007680121106771,0.011356731910320253,0.0010683039709020626,-0.0008752097744347161,-0.0029021267540700114,0
2022-01-04,10,0.007289709123424204,0.011800706132784047,0.008572623149355788,-0.0013053674335793298,0.0029105083392869857,0.007289709123424204,0
2022-02-07,10,-0.008231062077814145,0.006776917692811784,0.0059625709983101875,0.005491465273716312,0.01261483543323131,-0.008231062077814145,0
2022-03-01,10,0.017058396819708645,0.0072294291167181056,0.006715390142460362,-0.002356878437311094,0.0018857466138717997,0.017058396819708645,0
2022-04-01,10,0.014804885835982506,0.0064462020003051125,0.006773285154873021,-0.009663957282700442,-0.006800456573123551,0.014804885835982506,0
2022-05-05,9,0.03153470785774061,0.01580253968724472,0.018558730262634562,0.0059980751497875255,-0.0011795687693086244,0.03153470785774061,0
2022-06-01,10,0.0024489224905781537,0.0065107826750934565,0.006896631752160475,-0.0023667254589371466,-0.005179585772310987,0.0024489224905781537,0
2022-07-01,10,0.007798072989656057,-0.00032244021478548915,-0.0002606172976434336,-0.003654325052072227,-0.0002724749733778605,0.007798072989656057,0
2022-08-01,10,0.008455218990157743,0.0042459026267070345,0.004751529007389174,-0.005299860953071589,-0.000512702181772208,0.008455218990157743,0
2022-09-01,10,-0.021385998357201043,-0.0026962031678754773,-0.003090391199506665,0.011973060581699113,0.0004636421216699593,-0.021385998357201043,0
2022-10-10,10,-0.023394936664621592,-0.01800018563864432,-0.017327221623667118,-0.0014946014323518053,0.0016176145987813703,-0.023394936664621592,0
2022-11-01,10,0.021490303779558118,0.02489504606932381,0.024297508471305185,-0.0012390245721505488,0.0015785111461837926,0.021490303779558118,0
2022-12-01,10,0.011922390374857294,-0.0024268539924842064,-0.0008385568405036042,0.011514826954036694,0.007816916797199133,0.011922390374857294,0
2023-01-03,10,0.036285872718532716,0.018546660665143863,0.018073749032121465,0.0012829361948588191,0.0007785015658365905,0.036285872718532716,0
2023-02-01,10,0.006771491991988399,0.013813011667361886,0.01286960910196142,-0.0029222720802104195,0.0008809103975204557,0.006771491991988399,0
2023-03-01,10,0.00818848938960125,0.007387708267092489,0.00684876821638209,0.0028719602780290622,0.0006300548651267964,0.00818848938960125,0
2023-04-03,10,0.03240289237867664,0.009692310959917717,0.007635510318873764,-0.003457647287243715,0.0004877441219212023,0.03240289237867664,0
2023-05-04,10,0.027847851327655927,0.011229277555862952,0.010771735849805196,0.01180883633588009,-0.0026336891740843965,0.027847851327655927,0
2023-06-01,10,0.004406417021346876,0.0035079805867152336,0.0036307171995034427,-0.0014035820142931366,-0.0020023514877534547,0.004406417021346876,0
2023-07-03,10,-0.015602040279400542,0.0047802972419903325,0.004542475069023037,0.0003501976480335789,0.0024424048724298445,-0.015602040279400542,0
2023-08-01,10,0.004638300742243762,-0.0008576275293207743,-0.00098620300925587,-0.00010545224733705671,-0.0015442332215880761,0.004638300742243762,0
2023-09-01,10,-0.005202575188342629,0.0025561101778272853,0.0026223746518274057,0.005308831675945025,0.0010058504786981648,-0.005202575188342629,0
2023-10-09,10,0.008056441241447998,-0.005917598733453865,-0.005320757211945732,0.0020738247285986165,-0.001150532098726411,0.008056441241447998,0
2023-11-01,10,-0.012528546360908032,0.0015737654940193868,0.001956132815586484,-0.010214048877166215,-0.0001814550673936614,-0.012528546360908032,0
2023-12-01,10,0.011742196231980074,0.005071879306988367,0.005087386802835501,0.0038859156628215153,-0.0008754824609528467,0.011742196231980074,0
2024-01-02,10,-0.01446339852911246,0.0023653247507293296,0.00388579179397006,-0.003961774580188327,0.0014242382210523721,-0.01446339852911246,0
2024-02-01,10,0.0013636440460419786,-0.005702050915505754,-0.008477446749358842,-0.001559535000125023,-0.00670987743327478,0.0013636440460419786,0
2024-03-01,10,0.005491759053702539,0.005406428366088319,0.005892522004142557,0.0017247224093124736,0.001428502685350744,0.005491759053702539,0
2024-04-01,10,0.028017961591608808,0.01671807117765248,0.018192433233253518,0.010673756869892225,0.003141606349356554,0.028017961591608808,0
2024-05-06,10,0.0014281339665049742,0.009791564312258739,0.011548536301636103,0.005568818773460937,0.010155719566416725,0.0014281339665049742,0
2024-06-03,10,-0.004918199213897967,-0.016352447494931335,-0.016988402577414394,-0.0024777736348782554,-0.0029971130539721232,-0.004918199213897967,0
2024-07-01,10,0.014188157554615999,0.012743506088855503,0.012694146277640678,0.002274510415909414,0.0001633645260511285,0.014188157554615999,0
2024-08-01,10,0.007471944891968596,-0.0004749268638050452,-0.0005873239021901597,-0.0008060715779364513,0.0005286650931286648,0.007471944891968596,0
2024-09-02,10,-0.0167898438792356,-0.01384728156879178,-0.012672919575723323,0.008943819996302949,-0.0016297301757578057,-0.0167898438792356,0
2024-10-08,9,-0.029869043315276463,-0.058938310078775445,-0.05896435348080297,0.0183147439536777,0.08474709718421228,-0.029869043315276463,0
2024-11-01,10,-0.015976079400083432,-0.023007934004827313,-0.01945461315059117,-0.0042974444437596125,-0.002865868473299063,-0.015976079400083432,0
2024-12-02,10,0.0546966943728,0.01931900102428995,0.019228288434816297,-0.0005976221873731479,0.0009556821418822766,0.0546966943728,0
2025-01-02,8,0.010670649575536997,-0.015726922581432816,-0.01476631874283481,-0.005440206288141791,-0.0008975410569436726,0.010670649575536997,0
2025-02-05,10,-0.017878574722836982,-0.0038420702585942688,-0.0025780729877156994,-0.002194813753020852,0.005282038931414507,-0.017878574722836982,0
2025-03-03,10,-0.027458347504466428,0.0009089294931185417,0.0014548727306795612,-0.004029311060112095,0.0012559980211090686,-0.027458347504466428,0
2025-04-01,10,-0.01688210235223735,0.008170918200261033,0.008926368509768452,0.005664512347604145,0.001990156487287341,-0.01688210235223735,0
2025-05-06,10,-0.003692852435835037,0.017580763200498114,0.01751280304301361,0.008662645234253174,0.006048220454276082,-0.003692852435835037,0
2025-06-03,10,0.03545732375346927,0.01126059928100505,0.011266913236941824,-0.010260306635242578,-0.002700312043785212,0.03545732375346927,0
2025-07-01,8,0.00478351672729703,0.004332172653129997,0.0037358503383012505,0.0013340132931074222,-0.0003597503531585237,0.00478351672729703,0
2025-08-01,10,-0.006268292396949748,0.002347594891188714,0.0038982119858842787,0.007077668814454929,-6.472459383316901e-05,-0.006268292396949748,0
2025-09-01,10,0.00790907443097354,0.0033929947779836695,0.0060618269317983375,-0.008469135628820124,0.0022947623267659976,0.00790907443097354,0
2025-10-09,10,0.003489501342711976,0.00578932271739551,0.004895107736381765,0.00044874370071301684,0.0036155243547400747,0.003489501342711976,0
2025-11-03,10,0.024651677720462496,0.0057088099481182415,0.006811164948739175,0.00790333138989372,0.0008517457386483906,0.024651677720462496,0
2025-12-01,10,0.01141700450923786,0.0038819048135986215,0.00450717718783406,0.00042230685961158754,0.0023634067363702107,0.01141700450923786,0
2026-01-05,9,0.01234102780292121,0.006205660524070887,0.007944976161989832,0.016343804511530797,0.003580469663969083,0.01234102780292121,0
2026-02-02,8,-0.03128751156355544,-0.01696245516551629,-0.015472182555441685,-0.01221419972942521,-0.0076850208651607944,-0.03128751156355544,0
2026-03-02,10,0.022012277273254353,-0.0036146126423358903,-0.003470791307811168,-0.005848320853510114,-0.010456255140579565,0.022012277273254353,0
2026-04-01,10,0.005565734673959899,-0.001593449837568084,-0.0013752008968209923,0.01924421917437147,0.013022216462603018,0.005565734673959899,0
2026-05-06,10,0.02535656236748207,0.006027283096662415,0.007798675972438134,0.01595752103532755,0.005271803453676952,0.02535656236748207,0
2026-06-01,10,-0.03920695001037183,0.015063933444068258,0.016139256662820956,0.006144269588574769,-0.0027629233038901145,-0.03920695001037183,0
