month,ic5,n5,ic20,n20,ic60,n60
2020-10,-0.006792941162710325,2533,0.1012729189433321,2534,0.1292031379566436,2533
2020-11,-0.02814423150024208,2542,-0.0014781423593633594,2540,0.015604361295832156,2535
2020-12,-0.05275136262685085,2549,0.02381909187169472,2551,0.07290908147001644,2550
2021-01,0.025957081041421182,2564,0.06849278357911648,2561,0.10154690949665014,2562
2021-02,0.0017097924847350795,2565,-0.22357810694171962,2565,-0.16662877462200137,2563
2021-03,-0.09175240624716606,2578,-0.03541077948505265,2576,-0.029690724205748992,2578
2021-04,0.06829893929434269,2603,0.0658040936030533,2593,0.10071738592014036,2601
2021-05,0.026318006147782926,2624,0.0030432729222284465,2626,0.009673264144968222,2622
2021-06,0.058275145606732866,2638,0.04771166309810343,2642,0.06971857117417908,2643
2021-07,0.053171461677380655,2657,0.021915907468031924,2653,0.016236219468983522,2651
2021-08,0.1256932154267408,2669,0.17292816513887824,2669,0.007196024742956588,2668
2021-09,0.07157352009069744,2688,-0.0323067260156586,2681,-0.09928478454778875,2684
2021-10,-0.23445680256959606,2690,-0.2380944070017196,2689,-0.15527520802228842,2688
2021-11,-0.15077497751259245,2704,-0.051755772275641335,2699,-0.055804631547373015,2700
2021-12,0.19659502774787452,2717,0.10619366943898557,2716,0.03795541097085776,2716
2022-01,-0.06170210931884395,2735,-0.0053160618257709225,2733,0.054916033358316574,2732
2022-02,0.16407736328955025,2745,0.0756464231848752,2745,0.20533570753852579,2739
2022-03,0.13122060068952462,2755,0.14675589538404699,2753,0.12759883515887852,2750
2022-04,-0.05670590507369656,2759,-0.07372967854059397,2743,0.07928541776790836,2759
2022-05,-0.2258740810958889,2753,-0.09493761257784697,2749,-0.15738486489902279,2753
2022-06,0.0004927492613831634,2775,0.012900032415611653,2772,-0.03629026696778112,2774
2022-07,0.19865899892284167,2781,0.14424449752494622,2781,0.008196840933649994,2779
2022-08,0.027324259192259226,2790,-0.0053455521537175395,2788,0.007214958877944411,2786
2022-09,0.08714304195772196,2800,-0.020282046096926794,2799,0.012369976207291451,2802
2022-10,-0.15614056506906715,2802,-0.09252531659800842,2802,0.07899996733028203,2800
2022-11,0.043444395444705415,2805,0.20488134921058831,2804,0.13232535309596283,2800
2022-12,0.08771762772185486,2811,0.03624842778207697,2807,0.21032560225927927,2815
2023-01,0.05154910775793468,2814,0.015550496025229333,2815,-0.013368233550402543,2815
2023-02,-0.045339754229639394,2821,0.05247933278786433,2819,0.04452671676100212,2815
2023-03,-0.034200763840552616,2830,-0.003157136320542132,2830,-0.025300599220351418,2826
2023-04,0.07779640854642113,2838,0.29344707346017596,2825,0.16969061381570455,2836
2023-05,-0.09711807885830569,2833,-0.10146690034839338,2834,-0.21865661480292695,2835
2023-06,0.10276308261159377,2850,-0.07370446787869225,2847,0.05450668796716725,2850
2023-07,-0.07492816205275757,2857,-0.258815350367765,2856,-0.16706351928968563,2857
2023-08,-0.008585936696798602,2861,0.032274753306014176,2861,0.220910384949154,2862
2023-09,0.13706882466726472,2869,0.05929554614620894,2866,0.034373187041281235,2868
2023-10,-0.001872315997883839,2879,0.08369633938386287,2879,0.08084531254872598,2877
2023-11,-0.008411691925198745,2891,0.030378402281875973,2895,0.03223494290365264,2895
2023-12,0.07853579890542663,2896,-0.04404000316466652,2894,-0.34819919033472535,2896
2024-01,0.1611553345921968,2898,0.03935252376743684,2898,-0.018597775926413953,2897
2024-02,0.08083021378061567,2900,-0.04950606123549362,2898,0.007698585021640546,2899
2024-03,0.11748452468966177,2900,-0.19076548109696043,2899,0.174111913591331,2899
2024-04,-0.03332927253030809,2905,0.18746648067302873,2893,0.1754296545649407,2903
2024-05,0.19449882430880877,2907,0.17015579424651356,2904,0.11789456756085151,2905
2024-06,0.2691016979782768,2912,0.0668662806398932,2911,-0.043317798628272196,2912
2024-07,-0.030477059089113065,2925,-0.009972401221397177,2924,-0.08774952397646626,2923
2024-08,0.030168160017574424,2931,0.16373669621659814,2928,-0.11866499084926144,2923
2024-09,0.1041500713575301,2932,0.13058452921219407,2928,0.1972672957130808,2926
2024-10,-0.04940797448946102,2933,0.1802149933062604,2928,0.14606919743836008,2924
2024-11,0.11305767622926378,2933,0.18522813375435976,2926,0.16572759413276383,2934
2024-12,0.058331875019179906,2934,-0.2641955312876924,2928,-0.06172142245935749,2932
2025-01,-0.023163488212879176,2930,0.0868325350242036,2932,0.08526909749325304,2929
2025-02,-0.27142039048529454,2944,-0.20734666912302255,2942,0.006065743221625387,2933
2025-03,0.11320139179242289,2941,0.16106885897056342,2935,0.00635961650438092,2934
2025-04,-0.3271867016141232,2943,-0.0989937902941707,2933,0.062394880884844815,2939
2025-05,0.02411344768189436,2947,0.07749858158008603,2935,0.06405998783805782,2946
2025-06,0.09451774017222375,2935,0.087543751132257,2935,0.03365630391111551,2938
2025-07,0.08403001972536699,2947,0.018842028000152947,2942,-0.07170461143929847,2946
2025-08,0.06430164089970868,2952,0.10966102762523118,2953,0.16071965906236468,2953
2025-09,-0.1390239063601798,2955,-0.021314466322677524,2952,-0.06560516449148569,2949
2025-10,-0.21001827348886343,2954,-0.18581310830898098,2951,-0.10559304832186028,2950
2025-11,-0.002465235310003644,2960,-0.03534559732254064,2957,0.06501303109693662,2960
2025-12,0.0005814671409256398,2959,-0.04640928350131652,2959,0.08694154161924018,2956
2026-01,0.011034036681425741,2963,0.0509369081482242,2963,0.09827699321311333,2962
2026-02,-0.07982897993722625,2972,-0.035368402634428364,2970,0.024946166071104278,2972
2026-03,-0.048085606875847314,2971,-0.09303702887028735,2966,-0.00639391939125506,2971
2026-04,-0.005284293110502459,2967,0.014648219764688334,2966,0.06666433472558926,2960
2026-05,0.06763917173351211,2973,0.03879974947780214,2970,-0.024110385238274617,2973
2026-06,0.08588351302873637,2974,0.07555245752784295,2968,-0.13845723460768639,2972
