date,model_hold,random_hold,pool_hold,model_full,random_full,pool_full
2020-10-09,-0.029205779123139097,-0.029769884921754686,-0.032415536674019065,-0.014114326434760904,-0.017780839820989824,-0.019889871239246015
2020-11-02,0.06264613198489094,0.0494639602875995,0.052620468218046765,0.06408831965138201,0.045645340333623,0.05079110032299839
2020-12-01,-0.0035251226543033475,-0.030480909449607043,-0.03197900356434827,0.006409639746233087,-0.017939778045224165,-0.018575932964616883
2021-01-04,-0.11828948626684152,-0.07281873064226192,-0.06844891476648508,-0.09303490102903003,-0.06326179781663671,-0.057471147133104264
2021-02-01,-0.019495057689930782,0.03339825313042372,0.030563155622324107,0.004006495977793267,0.045530074054782745,0.03997665660162572
2021-03-01,0.03631772690566165,0.0022746834921694267,0.008829437386152331,0.04458035372545584,0.022063105304913785,0.025560829201667655
2021-04-01,-0.0006080314488427829,-0.014946204964172927,-0.0005252383720948043,0.022346665350641882,-0.01087888269086078,0.0035096928367555247
2021-05-06,0.07047907073094387,0.03576907534592577,0.039628463116844634,0.08645657109289887,0.04265750424414961,0.04506109592180838
2021-06-01,0.02441111280216861,-0.00742210820309878,-0.0068348196357087805,0.04147864788951193,-0.0005375711981342083,-0.0004682205089954389
2021-07-01,-0.07616000448992831,0.0014421784382880368,-0.006979123330825375,-0.09630220586602198,-0.012666173608388339,-0.020735146509486203
2021-08-02,0.27215741061167853,0.04631425962092229,0.060031793047978274,0.2788200336962963,0.06684957870800365,0.08034262357703412
2021-09-01,-0.06713148121265342,-0.013391694302163432,-0.005959821173877872,-0.1258246605812905,-0.015217380871064072,-0.008355450624951103
2021-10-08,-0.05612999282467869,-0.03670445405781193,-0.03594437716249781,-0.10856896546793578,-0.03138994016505263,-0.031701314043008855
2021-11-01,0.009153576076715441,0.08349694501081335,0.07028571277318975,0.0226377166808996,0.09989011726310364,0.08356984993071417
2021-12-01,0.05364687806298811,0.03281603748475779,0.036993133722597354,0.04982938969498205,0.04408782564201543,0.04887692987332929
2022-01-04,-0.08884558825997273,-0.09100177452507924,-0.09391376908790129,-0.08143250855286253,-0.08558685219269677,-0.08594797544206735
2022-02-07,0.006693510388862312,0.027757476239052573,0.03128321933481985,-0.0018130213820251816,0.03626739659620006,0.03721042837694189
2022-03-01,-0.08637286076678333,-0.053855571962999234,-0.05069701434479685,-0.07090841568557775,-0.048658359086222895,-0.04404472040812227
2022-04-01,-0.06852484062756839,-0.13850615302769104,-0.13187259225965223,-0.05460041665719747,-0.1318308324450092,-0.125830524193781
2022-05-05,0.0551184761092369,0.09186186623584291,0.08338793207232287,0.08695715017958928,0.11417247847711795,0.10336395587622524
2022-06-01,0.08005881850110752,0.038690987786243074,0.05249495306605045,0.08278294682553619,0.04483940946361783,0.059571720615726825
2022-07-01,0.23779566142144443,0.023225209118397913,0.020641082965258694,0.24568863298850588,0.02078058259445457,0.020650295172806605
2022-08-01,-0.07729739382807635,-0.030794104927462734,-0.027506147155426548,-0.07142948731298664,-0.027914516631788244,-0.023367581830470007
2022-09-01,-0.1513603447554778,-0.07706097588940919,-0.07840008701869514,-0.16825311395830836,-0.08008161788449505,-0.08122886185657968
2022-10-10,0.021102388248111593,0.023687194121534243,0.033837501174958075,-0.0024725874055962936,0.0068418768570304095,0.015661698122137257
2022-11-01,0.10675528480957244,0.07985862176017883,0.06626305774261558,0.13084650951834123,0.10317317207290538,0.09215165988819637
2022-12-01,-0.06148115249663875,-0.04795123386062032,-0.040419169110957165,-0.05075881271818591,-0.049562931062286035,-0.04122929297743755
2023-01-03,0.02624573014691295,0.05873704925010845,0.05432655165773248,0.06332835225864267,0.07777545565968451,0.07368983898536816
2023-02-01,0.05861090440292675,0.008593060640813187,0.016187368282225372,0.06622624782570057,0.02174501334804133,0.029129812205970267
2023-03-01,-0.07955592718974294,-0.03302167059432008,-0.031192645804233785,-0.07191915235301925,-0.025568422348463862,-0.024167455596982274
2023-04-03,0.04008716500467805,-0.04336775051713959,-0.031087006593366363,0.07621488405734277,-0.03600664691572784,-0.023713783667036997
2023-05-04,-0.06323453377856428,-0.02255480934302029,-0.022669687006556267,-0.03725939279599486,-0.014824555304739124,-0.012318386157606501
2023-06-01,-0.00829116430738427,0.01748145955466025,0.013842344462039677,-0.006119419867933906,0.02041284609675524,0.017351587142038667
2023-07-03,-0.10162851532004376,0.013096878222121966,0.014633038902684213,-0.11550927156913662,0.018412150812204008,0.01964322032202667
2023-08-01,0.006941892826986496,-0.0497839437640421,-0.04935562005134948,0.011661999890495434,-0.05041810004400439,-0.050501605836909276
2023-09-01,-0.012232213487644205,-0.0019237072832680132,-0.0025036838762957656,-0.01707014254546112,0.0005808656986740516,2.3589042545699213e-05
2023-10-09,-0.028177310755156938,-0.009014663545911643,-0.005799639062813989,-0.020110897650280467,-0.014837428446482772,-0.011058806966549744
2023-11-01,0.018988589578412186,0.02712648530693798,0.02992144931488804,0.006383611103350462,0.028468168837856828,0.03212340911793612
2023-12-01,-0.034563473643000386,-0.02067496918254264,-0.021958325577122333,-0.022253679717755805,-0.015636443975909405,-0.017153328354565466
2024-01-02,-0.21633427225002708,-0.16386351200243607,-0.1533714537924106,-0.22664946813876083,-0.16231270808592016,-0.1499328977785368
2024-02-01,0.040146808323918336,0.0690304573664234,0.068055740208317,0.04278057711743262,0.06007039817311643,0.059633158992430664
2024-03-01,0.03022485624811123,0.04058560963562557,0.03757613010781956,0.03611601402820659,0.04653122067972009,0.04362897840155272
2024-04-01,0.027456482530613557,-0.02157259379262632,-0.02561798258998842,0.05526816752669782,-0.0024391747177736215,-0.008174987946565937
2024-05-06,-0.011148619511909773,-0.038641800128752284,-0.039249549309829344,-0.009865691965599676,-0.028383718718087418,-0.028272890303894724
2024-06-03,-0.06932301518383624,-0.07736793617389093,-0.08026288387441236,-0.07414684836629298,-0.09401718662054429,-0.09572328250846544
2024-07-01,0.0024582257565432864,-0.009722592263048795,-0.008696979799954778,0.01680852565500045,0.003733646068546721,0.0036145575741846265
2024-08-01,0.040092849962475904,-0.034132790511907936,-0.03657981029136813,0.05094875545532179,-0.03441592350902661,-0.037329178442207324
2024-09-02,0.16239379197277945,0.2133643161395106,0.22188326969586306,0.14043456789657704,0.19633676574313938,0.20578915500737344
2024-10-08,0.2532742353101534,-0.002207668147448282,0.005090071338227497,0.2191394472316323,-0.04685766908094713,-0.03934677442137653
2024-11-01,0.08469404245258172,0.06744316574881135,0.06831224420341087,0.06623271700838004,0.04294536431536269,0.04637946301185934
2024-12-02,-0.09782849264329836,-0.05678863886175859,-0.05155295235105005,-0.04942509639739205,-0.0379047530550741,-0.033770713312789025
2025-01-02,0.008158192269678316,0.007885082672412507,-0.0010881663858126828,0.016726176591885245,-0.007754326287732402,-0.016175117992233687
2025-02-05,0.056140398368433195,0.045692530558362685,0.04884644820742801,0.03769277019513402,0.04338461287402335,0.04666501811436622
2025-03-03,0.04380033273827798,0.007609177465089596,0.004692491889257468,0.015191659931309475,0.009135084671219255,0.00602551194842351
2025-04-01,-0.018337027923503058,-0.026694453975896384,-0.028347260936522456,-0.034936848636365515,-0.018636059851693376,-0.019674545400510064
2025-05-06,0.050892179088726563,0.017361897790632803,0.02001766131262561,0.047007255734375454,0.035070167865012505,0.03777091005184576
2025-06-03,0.07284375376925667,0.035925578768858484,0.030910392623736932,0.1113472699644038,0.04682706165419067,0.04227668246049014
2025-07-01,0.07371441471556431,0.035231025859375126,0.03722704907770736,0.076128337277298,0.03780680036948237,0.041049033767891985
2025-08-01,0.13392779759489679,0.0684783545335195,0.07047396007557415,0.12753781301902506,0.07234864589771618,0.07431814934933091
2025-09-01,0.11041279713475494,-0.0011893309600782638,0.0004806268824889565,0.11524394046569339,0.006429377592739253,0.006495683803402617
2025-10-09,-0.04805973936001161,0.009391090795941007,0.01348977065651034,-0.04513415228372223,0.014319126948374148,0.018224732648283573
2025-11-03,-0.0429517893100236,-0.0008204940076101323,-0.009674747419523155,-0.02119676550770646,0.0067224284652840334,-0.0028165255870500183
2025-12-01,-0.029101932287064935,0.008907716368077589,0.013577611565210923,-0.017862031516913325,0.011989506270636757,0.018140393728898724
2026-01-05,0.20400754373705524,0.05153411700515777,0.05816127666935139,0.22061715810970065,0.059145987314719914,0.06649289983227691
2026-02-02,0.12396969007738474,0.05300371064135698,0.062082346296611385,0.0880704348811696,0.036103205763839484,0.04539463244111635
2026-03-02,-0.12129605102776146,-0.07520197456300949,-0.06992831946550931,-0.10413641219157074,-0.07888884656373267,-0.07330051267414225
2026-04-01,0.14030754094826078,0.042369083171558596,0.036410088927089086,0.14704646667393753,0.0393199786476661,0.034735698966356914
2026-05-06,0.0442441464846543,-0.05813951936484544,-0.056393130292801415,0.06962074750176564,-0.05311547079236925,-0.04878711491644922
2026-06-01,0.30681760650822487,-0.09581317887415619,-0.08438641209831582,0.2578749841497763,-0.07980956876185254,-0.07118542922454588
