month,ref_date,ic_raw_2,ic_neu_2,ic_raw_3,ic_neu_3,ic_raw_5,ic_neu_5,ic_raw_10,ic_neu_10,ic_raw_20,ic_neu_20,ic_raw_40,ic_neu_40,ic_raw_60,ic_neu_60
2020-10,2020-09-30,-0.06923426719446638,-0.05852335834857986,-0.00902649515630151,-0.0064588314866906235,0.010327836635306101,0.0021520051497403965,0.012590623002780686,-0.002543396684023785,0.03596318456998079,0.03662576000930229,0.020963758442629907,0.01891910669404776,-0.01980819517194807,-0.010876812732591985
2020-11,2020-10-30,0.007174868485718953,0.022760682524859126,0.022199628400997904,0.03583520104005971,-0.03897638461437128,-0.015789436227735126,-0.01113883839616521,0.009592478666945233,-0.029482358071191147,-0.01751072984045941,0.014160505955757144,0.0045631845129483605,-0.0002977637397056624,-0.0062124745499659
2020-12,2020-11-30,-0.03455087168655781,-0.025750423179526385,-0.036831969779328726,0.00014499959688932368,-0.03387296721746954,-0.013327587499972473,0.014560664938883893,0.034878030738643706,-0.0007230280229882622,0.03729784004066568,0.018069032426014285,0.02477560419561814,0.021697221637364143,0.0040403007803183144
2021-01,2020-12-31,-0.06669745456803389,0.001542888380045491,-0.08714163621221653,-0.037835702351213585,-0.03154036059930122,0.0019013277667608544,-0.006233281073756881,0.025385898051249748,0.040821750372687,0.02896115804807659,0.1333859308063673,0.10388732122243258,0.1251901745599576,0.10816771440047597
2021-02,2021-01-29,0.12643897053007952,0.005267705317590055,0.09135519353964067,0.015536740870385287,-0.041278144728090285,-0.010266525113152044,-0.1311717827616252,-0.124988744828813,-0.2806778655945681,-0.14574764229571413,-0.2611657179246497,-0.07832646553955762,-0.2115117486295889,-0.07686379295822882
2021-03,2021-02-26,0.04659135957532408,0.009282022152988833,0.0272534347981033,0.009025836887620214,-0.1000713589702564,-0.006267181309531489,-0.18728533845396894,-0.03357043654023282,-0.10183547092747003,0.0286435581056628,-0.025114716779765966,0.053118346167238574,-0.07107601223120755,0.010470724768653898
2021-04,2021-03-31,0.1691971835507999,0.10313288985798019,0.11228696848828536,0.07613617492297745,0.055908414502532006,0.028283847816331996,0.06975311536178781,0.044959177017561525,0.10834516874970626,0.08241776100992894,0.13667981203890386,0.09706251257561187,0.1325930183420871,0.10330706214032444
2021-05,2021-04-30,-0.00029403795907226825,-0.004252938370278768,-0.03825331494605904,-0.01961192468393071,-0.06149469293094584,-0.02431771179379335,-0.04324990202306046,5.107871411049925e-05,-0.034999001884246816,0.006317494437841721,-0.008027615557919622,0.0035179288131879385,0.05337927089452458,0.03533381845570614
2021-06,2021-05-31,-0.012444541597264781,0.01998999074511986,-0.0005790943511708815,0.002895072661558043,-0.027090003146824852,-0.019337775092144634,-0.017453920271843337,-0.00214172510444474,-0.02615036389099805,-0.020294327391104205,-0.008762071141564852,-0.004771431636355436,-0.014778226255348864,-0.004032551577373387
2021-07,2021-06-30,-0.08774132962954047,-0.0663667084920963,-0.12682500527100393,-0.06694966747892073,-0.09379099481367476,-0.045741790275059015,-0.11118870187763803,-0.07945058371772383,-0.1271550794802932,-0.06211030525990855,-0.12409842458082283,-0.08209232274718876,-0.06333063308217,-0.047868014326020364
2021-08,2021-07-30,-0.2051062308858518,-0.07724024131681241,0.04055993861382668,0.009445531918302785,0.15326867935166302,0.05870501793828025,0.14577120118775153,0.02112523880577244,0.18069502873210655,0.07656271199661437,-0.014567880822308265,-0.0039468359491239636,-0.024096148705594067,-0.04157253351980239
2021-09,2021-08-31,0.20354455469265628,0.13931827981650394,0.0778346223769972,0.03227057472042838,0.055320429380773826,0.0383140448992096,0.14475154702927134,0.03002755832892451,-0.013627371649665874,-0.0430433817606856,-0.143601959890232,-0.06795127418625475,-0.10632046562442063,-0.06042349296153966
2021-10,2021-09-30,-0.029891620467069197,-0.03387752315052282,-0.039380068977834734,-0.029549696204106794,-0.09970040537661232,-0.03319127009156131,-0.023121882725660826,-0.015995247474664683,-0.16367772827963825,-0.08694714139123966,-0.1117354179617519,-0.05806463201594719,-0.114236595500322,-0.058782668207431416
2021-11,2021-10-29,0.15741797305159203,0.049736476625121394,0.1254523312008399,0.04206589221882209,0.1843105727334406,0.05066822532716059,0.15961986636411932,0.027049307812950996,0.1286074253693048,0.042140816185262484,0.038796607686781635,-0.03570227657357361,0.05513360610808155,-0.07304554800238965
2021-12,2021-11-30,0.10999802528959209,0.059705988263835726,0.08855678659609678,0.03862178846797296,0.16794062965259757,0.09937384370936762,0.11996079991396678,0.06852232800731832,0.1474575992168702,0.06713911271473737,0.18072875971911218,0.09297206632621112,0.10957620207658453,0.02508217939455636
2022-01,2021-12-31,-0.05293223300477295,-0.03572520130736323,-0.0795852235623136,-0.04741920419231376,-0.04735590134975165,-0.049108533562548545,-0.0006544149174981125,-0.001323941361402095,0.04548165046720582,0.04677160182003268,-0.011355995197500158,-0.0015637427297559565,-0.06092216815279872,-0.04266241694522551
2022-02,2022-01-28,0.20555893606964779,0.09737468322280445,0.05800163331768597,0.01352692157557715,0.15511300784487678,0.05025778780111689,0.08246779729001266,0.03481354538138441,0.03325183473577534,0.026021156878456055,0.1282488668974156,0.060187105759080296,0.14153856404551043,0.05235241823333553
2022-03,2022-02-28,-0.020519846634693327,-0.004261899701457124,-0.023850464706273857,-0.007916862698698776,-0.02764230688948407,-0.024101223199119722,-0.00435457481822154,-0.02180753829443142,-0.03254556079539513,-0.01730842960981218,-0.009498221673903687,-0.02616290831886093,-0.040862180331756856,-0.01803964816510875
2022-04,2022-03-31,-0.03612776997833331,0.004550885920578367,-0.006013779878120042,0.014575795406544413,-0.010531353161996031,-0.006885453189493441,-0.0016456596255376389,0.003318313503205869,0.005372168095953804,0.007079876989820495,0.10638916507954382,0.04962515170519534,0.07809752387761801,0.023172234205758768
2022-05,2022-04-29,0.006489147348652218,-0.036399129117734116,0.05507216273042315,0.0132689685680516,-0.16544945359723998,-0.09814720912440335,-0.021002031287781706,-0.022918089542457987,0.04022645600889221,0.026155244449540423,-0.051597569919977285,-0.028451725555824644,0.015521759007716313,0.008831035494576568
2022-06,2022-05-31,0.08188521585300065,0.0632241084678092,0.13562701119463605,0.1282013081105325,0.11021431105768746,0.12050096813818134,0.11475774969970368,0.10912768073286214,0.18236770370766134,0.14820416068628017,0.10758790268760605,0.11245120794324306,0.08485306950562764,0.0932259246102547
2022-07,2022-06-30,0.04873410672354875,0.011754714870402385,0.08065505645292154,0.021944174244219825,0.01974370715388495,0.0023293751846928993,0.0020198290103973712,-0.020523331748802966,-0.014934132705613707,-0.004631638968112799,0.05992013160003841,0.04162770267212008,0.05238032265327519,0.022189244666086683
2022-08,2022-07-29,0.06020057832861751,0.02625154066335448,0.13020654052767588,0.04821425767354658,0.14617749476456576,0.04136061205917409,0.08666313517667937,0.006442141751119585,0.03847928173146691,0.019257368667356573,-0.01840316121388103,-0.0027021808618875346,0.07177056216518622,0.01763554619490277
2022-09,2022-08-31,-0.05054000436662296,-0.01392813821149056,0.0016500871319930297,0.009744529535307328,-0.1215544948117714,-0.0305541781907508,0.04773785080928071,0.0045510754612700325,0.030173556965521535,0.02361179141344809,-0.02929030560405674,0.0057485798223079,0.05141491538210182,0.007387878590640705
2022-10,2022-09-30,-0.12511105486756507,-0.020707119296890494,-0.12990277431223457,-0.006290258806188066,-0.11747260141569024,-0.03560301865113322,-0.0298182924726216,-0.014609872545277775,-0.09770093131491958,-0.0397753079589468,0.10810112426977499,0.0698211411367894,0.14006593728501848,0.06559988682651587
2022-11,2022-10-31,0.06305370544842304,0.1412922445990017,0.047297510221594466,0.10783745002681437,0.03681144976916114,0.11522108269795549,0.06546727057682186,0.09283043489825529,0.1125428174318164,0.04187696401608859,0.16756947254917873,0.10698262660784771,0.12597418800831878,0.08075193358716355
2022-12,2022-11-30,0.1245227796307406,0.0267917033980074,0.009546210106720295,-0.052523174912585305,0.0784816445007916,-0.0026456290916049203,0.08149400012817083,0.024099680811703935,0.04408257022120167,0.033446129067730805,0.12332081318523656,0.04781509252904122,0.16539078330279014,0.05183353879216146
2023-01,2022-12-30,0.11381134921579805,0.04793031894099196,0.0185728935589711,-0.008416876912721515,-0.04279084882037009,-0.01773785869408005,-0.07864378852042092,-0.032368332336264787,-0.02343759340563123,0.049651684785728706,-0.018198136452912805,0.055113541246971084,-0.019747750222287707,0.0636495893161165
2023-02,2023-01-31,0.10336242477935358,0.06925709474040606,0.05410584007932456,0.04726187138442288,-0.03677514289370406,0.028321160641384326,0.04563044734591281,0.07692925977359846,0.06742615165555435,0.09504117838635448,0.09330942969816597,0.08928805864432618,0.11138391219306869,0.08714392902607261
2023-03,2023-02-28,-0.059713865893987535,0.014821904942745084,0.03637908181972595,0.028425389488425434,0.04460383292827194,0.009219391405381678,-0.05173604824727583,-0.049525394784167495,-0.06297384623680187,-0.056455052327895126,-0.03313244669905702,-0.07811230245170343,-0.06638400011992962,-0.08041320302148114
2023-04,2023-03-31,0.06999143914048186,0.09313769738424109,-0.008038913792589357,0.026264942819999505,-0.02483837186223847,-0.0013190668046334205,0.0634256475141173,0.05863893145108629,0.16713160137472416,0.09322516539476211,0.13649391223527893,0.0722756888433113,0.10025883628683442,0.04925560603508315
2023-05,2023-04-28,-0.09384045422711378,-0.06257960808206936,-0.026156207497525494,-0.0505730841758069,-0.10775382304481401,-0.07272868475136234,-0.2230607903148047,-0.1296805912681419,-0.12673757876615427,-0.07376358406842626,-0.1568189353586282,-0.0924367355128613,-0.2641350170216357,-0.12104987926640963
2023-06,2023-05-31,-0.21445621160876885,-0.16733197889510082,-0.10907395789124788,-0.06915790205384574,-0.09785014823050207,0.014952845659975839,-0.08076668100604371,0.013460166957583309,0.056380188379257325,0.04641313859255006,-0.14802433308193647,-0.07226514349702891,-0.11086478001025053,-0.027879705264292842
2023-07,2023-06-30,-0.0864128733927042,-0.08934690399947563,-0.10767753243584488,-0.04494843750481032,-0.04783807123333672,0.01939329877333487,-0.0922549973491931,-0.009088866881515676,-0.18464118533190765,-0.07804272515057711,-0.07805194151459925,0.0013496178053983572,-0.08894544726290446,0.00802124425881552
2023-08,2023-07-31,-0.06058745020538333,0.0011556529426808805,-0.1259039727179238,0.003251419003354112,0.0894500410463666,0.07323541493954663,0.13674410425418618,0.06420988111949029,-0.11488845690704012,-0.02736678488394804,0.11230345226664366,0.03217946927446236,0.14682553751872643,0.04769085080791693
2023-09,2023-08-31,-0.017265498186543687,-0.0033831847599295043,0.05919446129718114,0.04030538352646288,0.059620841088481355,0.0307452826724984,0.05934827664822546,0.03933866210974332,0.07970815717768087,0.024557431323443603,0.12276428725914124,0.05243860315608632,0.10783261869956402,0.05212067194860035
2023-10,2023-09-28,-0.05385368589763735,0.023921923744169696,-0.07883167629419352,0.013173987509665414,-0.018464376600136098,0.046398672618160795,0.12959268809514315,0.10350566882080367,0.07272803617227283,0.06678561495681427,-0.002620183801968743,0.026826320996999966,0.036776463373987475,0.017855710855592188
2023-11,2023-10-31,0.09040164188958355,0.07396310304641895,0.11534139536166807,0.10591648575943693,0.011203258109502783,0.0839667308087958,0.008003738831951799,0.07577720650010153,0.04452796521779198,0.07548658235821902,0.05528764042795525,0.03079301087524392,0.08205864857860912,0.009731047791750052
2023-12,2023-11-30,-0.01320442968104112,-0.048982635191353846,-0.05701458716705239,-0.08415891955629569,0.06290357091492858,-0.03847773971305708,0.016352722258170103,-0.0733139749143749,-0.008268337688921688,-0.08205105654078372,0.03487992613245741,-0.08125616336953347,-0.06601880086265806,-0.05865180291230807
2024-01,2023-12-29,0.08826792337191898,0.051403287509216744,0.15504964337781008,0.09771242465194543,0.17600626572611772,0.09905503975722833,0.1379171310788857,0.0443098313093242,0.13200380077398166,0.03840148206664555,0.017888443556548516,0.018869914263271965,0.05266425694197187,0.023787754569228742
2024-02,2024-01-31,0.2621619233734193,0.14670353539045175,0.3314583093137596,0.20141532131519993,0.37080851919594604,0.2571289493490489,0.22196246363245006,0.16690934093390827,0.07104354702840851,0.10337487513967482,0.012792631121940318,0.049349121089352965,0.0957065120873772,0.09935471041365666
2024-03,2024-02-29,0.029369958499757282,0.05205928219256419,0.18328184512217785,0.08341654170280217,0.14922872505305765,0.08243498159213851,-0.06436504613596811,0.06775788926610248,-0.06845625371825113,0.04621934809277929,0.1454424496605632,0.08163593768576642,0.18331097502096952,0.0762072578726943
2024-04,2024-03-29,0.14434865730645355,0.06851470848046848,0.24304986021377734,0.1223997882704801,0.24628215562254838,0.09201156254338921,0.4659189924512075,0.2243655147450299,0.3345234332410105,0.13415573185234478,0.3058442132036066,0.11455020747204443,0.2783478032794969,0.10862025252524901
2024-05,2024-04-30,-0.030288423295310313,0.026507463996070922,0.009661056292238136,0.01662396427000487,-0.006364355857931122,-0.03571253008463672,0.004695792278417351,-0.013850617066687217,0.03981374509538844,-0.02049871640481174,0.049743332517021586,0.01102393030194331,0.049378762356438795,0.018280073297640906
2024-06,2024-05-31,-0.10223336446854757,-0.061237829042247165,-0.03893617156652407,-0.009312031252813546,-0.07005336648759179,-0.015613285348255616,-0.07834839820394998,-0.06659378229480294,-0.1272627474894743,-0.10040611943065131,-0.011643960178855713,-0.021141853736140692,0.024811059075409942,0.003323100369287033
2024-07,2024-06-28,-0.14339728396823354,-0.011709309312794085,-0.1130956975735829,0.002812600319414836,-0.04575576948294286,0.003155313264288018,0.002070936020104813,-0.01665388799860798,0.0007651913322047149,-0.015815477523877755,-0.023221163460344918,-0.004444526531204619,-0.04324327540310761,0.008031077309675698
2024-08,2024-07-31,0.09677753518013042,0.01811573063692817,0.1424574285333377,0.040388119235747214,0.06351104383558481,0.013920153291871202,0.14202316502092643,0.059990145209115824,0.16823849729255003,0.061228853744611185,-0.016262999723135933,-0.01214115830132323,-0.11141570536595351,-0.038680117514824364
2024-09,2024-08-30,-0.055936706622573155,-0.06669711598065985,-0.07724101163304527,-0.08876903328999294,0.03068129574635348,-0.006645952606972345,0.03310384475954922,-0.010371811592583258,0.06655780554130085,0.046003501205254135,0.1243148619051823,0.0916972167695314,0.15811525655928152,0.11860215717917695
2024-10,2024-09-30,0.02434372506888319,0.010953064474368453,-0.009953475108614915,-0.0381212695419617,-0.062381570755065466,-0.009719054587496032,0.06267293403361814,0.056199420948158066,0.080073243573859,0.023863127782566013,0.19025099000560783,0.05559195215019048,0.11279823136472708,0.0014693897173975795
2024-11,2024-10-31,0.13829054827434567,0.11410962358732399,0.08317934853532019,0.10973735613917125,0.11348946816218511,0.12840237700924714,0.14909834459471996,0.13911394576757183,0.1549595282871623,0.1216882132001617,0.15775287539190097,0.13072564983862311,0.1608022845028454,0.10672763052434951
2024-12,2024-11-29,0.007066037516026549,0.0001363055195133885,-0.10653691396996717,-0.07299815883394137,0.08643916533835079,0.03975627693284324,0.03147291153507604,-0.014708253065391473,-0.19154020135295882,-0.09109094322528787,-0.24169637478652128,-0.11509606423458987,-0.0711107513974788,-0.06914604126281569
2025-01,2024-12-31,0.07048991901550344,0.01210299063428675,0.11520933313818531,0.010117820461327112,0.0906480248446949,0.034482661792748934,0.12350102571561757,0.08900749693703987,0.10544601150227,0.09743054824866763,0.05767543121923066,0.06605049044376286,0.1431666179063973,0.06539168333794533
2025-02,2025-01-27,-0.27350634293850745,-0.06621700424454902,-0.25866493594463763,-0.052343403401312695,-0.3146596763855825,-0.04828111312101843,-0.21039498566690276,-0.02687305765520135,-0.2362852734594699,-0.037223523223254514,0.017521650692217644,0.051474505896028366,-0.035029566324143724,-0.002499502471697379
2025-03,2025-02-28,-0.08285832623832697,-0.006281349086856974,-0.006770830472001699,0.07442186035434639,-0.008820629975229961,0.08074617823624483,0.038349373505162855,0.07774663030963151,0.25555918572241154,0.17859837647483875,0.21762014995207832,0.12378514841402732,0.06867621802392057,0.007241278621614646
2025-04,2025-03-31,0.013897999176352776,-0.006752895823687457,-0.01101448058908924,0.01684998662766724,-0.09704098360917367,-0.04624569734822253,-0.021778737362551037,0.01667656172656888,-0.013217778445529555,0.017453963131239158,0.028977111161342252,0.0586895555805783,0.0644262533276323,0.06174820845904648
2025-05,2025-04-30,-0.02792438504672448,0.003933595303755374,-0.0060079290109632776,0.017369569843756275,0.09906069353410149,0.06008430143367843,-0.03361993043408667,0.019004243716980868,-0.00888108086313371,0.017073458061741438,0.03556326961008818,-0.005960629730768245,0.08786739714706669,0.02283382933149752
2025-06,2025-05-30,0.02135046443012654,0.019588592525060518,-0.011487322285488908,0.023442131575759296,0.019606372334856955,0.01360618544406473,0.014658469659568761,0.01442654906674063,0.012187051272036831,0.032024500818890175,-0.027718975549674174,-0.02840424842510646,-0.04839318534558529,-0.035473639473284226
2025-07,2025-06-30,0.13273773053869473,0.09444936805045967,0.13305586318599116,0.0798378113895089,0.14555998722693958,0.10094667644841149,0.17698755239136013,0.09334105373519014,0.0931650942993546,0.026869145371434276,0.014449495938487664,0.004023656360746182,0.016700609687500687,-0.011417927324632532
2025-08,2025-07-31,0.09631885464491018,0.03207713397765411,0.08591403615914953,0.018905175281548194,0.05346727015131996,0.0034120346895125673,0.04863864812549415,0.026587224090891648,0.03465575563347154,0.0215039758249667,0.06879723092716665,0.02388764599775389,0.11293046041600897,0.03175358212837388
2025-09,2025-08-29,-0.12110534376075464,-0.05075200789039197,-0.12218632517569233,-0.025261296207404697,-0.08135648230786321,-0.026242984866279438,-0.004474006385063198,0.022465307862604932,0.0644870300973054,0.04382497858072647,0.0017320992567353033,-0.008924032191610134,-0.011311645040346659,-0.013502454372379638
2025-10,2025-09-30,-0.14140872084464848,-0.07759004425866514,-0.13421085476171876,-0.08318594432967684,-0.14873092231426027,-0.08635650500546246,-0.1550036675277146,-0.07331994905272173,-0.07278058417273606,-0.025241976258639633,-0.07351064308228215,-0.0076058456806468965,-0.009711092836518205,0.004598231980107827
2025-11,2025-10-31,0.11751986438155738,0.07228580474054172,0.1399151850306471,0.0711313359773033,0.14840446469761248,0.07680427107377237,0.049689256469914796,0.02100539432264497,0.023187348340974443,0.03745988618903064,0.07380632210577841,0.06868225010387116,0.08243967498375561,0.06758870485345352
2025-12,2025-11-28,0.06602950977580507,0.06996950382247559,0.05872667432847598,0.057497789298649626,0.026686981020783093,0.06663207314248352,-0.03580744591874485,0.044711842388726934,-0.055950895555197555,0.04690249434508078,-0.05498896610278268,0.03160967857703104,-0.0705173714240897,0.010094406154443344
2026-01,2025-12-31,0.027852655182907093,0.031119598760947068,0.05438872483850322,0.08741431813974719,-0.060232738345914125,0.041719549979271915,0.029875703585429052,0.08673936264529576,0.1130891256621224,0.12355259737271757,0.1379318276898858,0.1363668159627835,0.16442774114833703,0.14101967629086395
2026-02,2026-01-30,0.046787737947464894,-0.007207845962175267,-0.03538268659608314,-0.03709420362981338,-0.02881142951326248,-0.03018559812253171,0.0332910242255441,0.010583733297061259,-0.06972623510740988,-0.019380733987318412,-0.0821696037902947,-0.015280562069789892,-0.02166174323681498,0.008268723613602312
2026-03,2026-02-27,0.12646166544701323,0.09489630579694153,0.020385573764707912,0.0377728426143047,0.054083518405983015,0.0025647710811767927,0.05906288560173503,0.031684191079160366,0.08841586891733402,0.05257370775824524,0.07123104479362932,0.06509750531631565,-0.01305234073582994,0.020893722688813163
2026-04,2026-03-31,0.12192716342925143,0.05856571520231645,0.08149190759466478,0.04604651938259556,-0.07130038926728086,-0.028009105092012498,-0.055728583109342755,-0.007140091909073739,-0.058162670484997535,0.00518244287263055,-0.04042600586705787,-0.009966747761025555,-0.0393133654783364,0.015025336527412394
2026-05,2026-04-30,0.09958309172772929,0.05766550805449169,0.05409261687726087,0.030240639863967307,0.042310048630305214,0.014919493407533506,0.030808516279708063,0.016589888322005135,0.025305729959950625,0.014078959862310466,0.08646648753565711,0.050389394790396044,0.011364777726174202,0.027115288762403555
2026-06,2026-05-29,-0.10837740550717283,-0.07168574948752143,-0.05787353530614696,-0.01969730171100237,0.0007594368455965165,-0.011622588524435755,-0.0034962325149403093,-0.009491099826895626,-0.03962650298595874,-0.04166552735048284,-0.1196678786611071,-0.08482737298577461,0.0009087692594594322,-0.00823648082612735
