month,ref_date,d0,d1,A_tail_noPurge_ic,A_tail_noPurge_n,A_tail_noPurge_top10_ret,A_tail_noPurge_all_ret,B_tail_purge_ic,B_tail_purge_n,B_tail_purge_top10_ret,B_tail_purge_all_ret,C_rand_noPurge_ic,C_rand_noPurge_n,C_rand_noPurge_top10_ret,C_rand_noPurge_all_ret,D_rand_purge_ic,D_rand_purge_n,D_rand_purge_top10_ret,D_rand_purge_all_ret
2025-01,2024-12-31,2025-01-02,2025-02-06,0.29165868363194025,2932,0.2608594020445731,0.014255500129291207,0.0868325350242036,2932,0.05695771491760543,0.014255500129291207,0.015650489932928398,2932,-0.004009574015220096,0.014255500129291207,-0.029424896817040316,2932,-0.050109168162013086,0.014255500129291207
2025-02,2025-01-27,2025-02-05,2025-03-04,0.6317233101194993,2942,0.40722753376610876,0.03629143457295584,-0.20734666912302255,2942,0.04054432041178983,0.03629143457295584,0.1644029276725775,2942,0.03038360215056405,0.03629143457295584,-0.12557708523682387,2942,-0.06314039939484677,0.03629143457295584
2025-03,2025-02-28,2025-03-03,2025-03-28,0.5567367777315978,2935,0.3864222860044205,0.009402690876427245,0.16106885897056342,2935,0.03007473770576453,0.009402690876427245,-0.18097593665576803,2935,-0.05791944368688016,0.009402690876427245,-0.04050446400834159,2935,-0.063935980625308,0.009402690876427245
2025-04,2025-03-31,2025-04-01,2025-04-29,0.45625061456608323,2933,0.2645076208672373,-0.0034998650692413488,-0.0989937902941707,2933,-0.01424458009082009,-0.0034998650692413488,0.05493899148852431,2933,-0.021895881616730804,-0.0034998650692413488,-0.019528645485788736,2933,0.0959194103900273,-0.0034998650692413488
2025-05,2025-04-30,2025-05-06,2025-06-03,0.34809728964105713,2935,0.21463864208391828,0.014780731270890267,0.07749858158008603,2935,0.03290316733179198,0.014780731270890267,0.04852711280451411,2935,0.15412155717842904,0.014780731270890267,-0.012308632959510107,2935,0.03375787588268596,0.014780731270890267
2025-06,2025-05-30,2025-06-03,2025-06-30,0.5061635213202099,2935,0.3609015511028876,0.007301986699727495,0.087543751132257,2935,0.051019839883192364,0.007301986699727495,0.051789581601015086,2935,0.005996683496188493,0.007301986699727495,0.04005611700418508,2935,0.0319397807897142,0.007301986699727495
2025-07,2025-06-30,2025-07-01,2025-07-28,0.3913319509391923,2942,0.2956517424637181,0.005186279990291298,0.018842028000152947,2942,0.001020966383344879,0.005186279990291298,0.032997060540091855,2942,-0.05252528125133452,0.005186279990291298,0.0645911816299397,2942,-0.04627178587539486,0.005186279990291298
2025-08,2025-07-31,2025-08-01,2025-08-28,0.30031423876359686,2953,0.2675541044486584,-0.031581077456321646,0.10966102762523118,2953,0.0006480214926967487,-0.031581077456321646,0.0804832640033917,2953,-0.06177689252122594,-0.031581077456321646,0.04162760087479112,2953,-0.1509302204890531,-0.031581077456321646
2025-09,2025-08-29,2025-09-01,2025-09-26,0.3633546038589502,2952,0.2601137365505771,-0.017843192463552187,-0.021314466322677524,2952,0.06198505116215376,-0.017843192463552187,0.05263915647234074,2952,0.010459968106841976,-0.017843192463552187,0.0741212111193566,2952,-0.03768805762020061,-0.017843192463552187
2025-10,2025-09-30,2025-10-09,2025-11-05,0.19233634987562107,2951,0.19375586791519708,0.04230641055903728,-0.18581310830898098,2951,-0.061963215780269795,0.04230641055903728,0.21129603318787596,2951,0.07148385469668198,0.04230641055903728,0.07099147645196796,2951,0.04524796335989097,0.04230641055903728
2025-11,2025-10-31,2025-11-03,2025-11-28,0.583060573204178,2957,0.38774745477643324,0.016469498628142194,-0.03534559732254064,2957,-0.01571559248804196,0.016469498628142194,0.083609122841035,2957,0.03344620296445252,0.016469498628142194,0.12091161094539403,2957,0.03082122762501175,0.016469498628142194
2025-12,2025-11-28,2025-12-01,2025-12-26,0.39419918771505,2959,0.31214038116616366,-0.00366138068719116,-0.04640928350131652,2959,-0.009085587382830062,-0.00366138068719116,0.03638248870636514,2959,-0.019393906550945316,-0.00366138068719116,-0.05598002900699585,2959,-0.014831103413671654,-0.00366138068719116
2026-01,2025-12-31,2026-01-05,2026-01-30,0.26651320079482715,2963,0.2836464120419334,0.057549477187887436,0.0509369081482242,2963,0.1890803732434522,0.057549477187887436,0.06148470687596638,2963,0.04883462458287219,0.057549477187887436,0.04767941208814323,2963,0.05482400024467676,0.057549477187887436
2026-02,2026-01-30,2026-02-02,2026-03-09,0.44593299321661706,2970,0.3819848102905395,0.028819537262424026,-0.035368402634428364,2970,0.05273226626574408,0.028819537262424026,-0.005373175974487708,2970,0.0518068842953999,0.028819537262424026,-0.02280080841655146,2970,0.029348312608282235,0.028819537262424026
2026-03,2026-02-27,2026-03-02,2026-03-27,0.8188842396436806,2966,0.5,-0.014466068084944292,-0.09303702887028735,2966,-0.07892134881846165,-0.014466068084944292,0.14950517905380162,2966,-0.07838510552068469,-0.014466068084944292,0.1267198638202968,2966,-0.03576223100577129,-0.014466068084944292
2026-04,2026-03-31,2026-04-01,2026-04-29,0.32777021965521125,2966,0.31263612551371406,-0.02874632958165183,0.014648219764688334,2966,0.060068498801634305,-0.02874632958165183,0.03905006460992087,2966,0.012798011576378143,-0.02874632958165183,-0.03481634161029119,2966,0.019348835864086054,-0.02874632958165183
2026-05,2026-04-30,2026-05-06,2026-06-02,0.22218827479294426,2970,0.19882853269070075,-0.06393187468990713,0.03879974947780214,2970,0.00046982462700552176,-0.06393187468990713,0.030037936024022757,2970,-0.020156089196289518,-0.06393187468990713,0.04894362431091087,2970,-0.127081118329631,-0.06393187468990713
2026-06,2026-05-29,2026-06-01,2026-06-29,0.6027307066987407,2968,0.44999484501753856,-0.10894044637418204,0.07555245752784295,2968,0.21047457218058638,-0.10894044637418204,-0.005392816815568667,2968,-0.06863953272711025,-0.10894044637418204,-0.049077463594876865,2968,-0.12184524394635825,-0.10894044637418204
