pool,top10,top30,top50,top100
-0.034275263414167666,-0.029205779123139097,-0.0326803303831875,-0.028326502392002434,-0.026833863853821624
0.05079910817178444,0.06264613198489094,0.05376802281791575,0.040091321559396056,0.03312886024502891
-0.030155568312920388,-0.0035251226543033475,0.0031367803719158224,0.016219036085315303,-0.00019696159378135292
-0.06927487085789445,-0.11509984649544894,-0.015592930548047472,-0.016496248614624703,-0.02523954729739689
0.03258154381011145,-0.019495057689930782,-0.04181254261616892,-0.0595334194113746,-0.03532430673364167
0.007667989808843919,0.03631772690566165,-0.012776455884895632,-0.04294236582982593,-0.028519739321639374
4.346897823616382e-06,-0.0006080314488427829,-0.01963885807632863,0.0033157137671181113,0.005605206004063317
0.03899584599676612,0.07047907073094387,0.055334330592948115,0.04755576555667179,0.04328496386507413
-0.006247783603710254,0.02441111280216861,0.0016418669975667396,0.006316833172404343,0.012550794338282323
-0.005326686266292313,-0.10663924213617357,0.10607110290068562,0.11249097509836359,0.10890794949898588
0.06128796930122754,0.27215741061167853,0.2262936640461942,0.21815378894076634,0.1863124010158398
-0.005062988793503288,-0.06713148121265342,-0.02086029985266192,-0.030813533181882784,-0.03054421543091904
-0.03633404218240306,-0.05612999282467869,-0.07426214182681924,-0.07417859499104665,-0.06385135447558758
0.07058799358040539,0.009153576076715441,0.0046850300360363195,0.014044649539870415,0.03125098513364591
0.036699555557223686,0.05364687806298811,0.038189433663797685,0.04525763179399742,0.03436105592205408
-0.09381840526550114,-0.08884558825997273,-0.09431803999862548,-0.10796483224494832,-0.11161329534018685
0.03184377203241306,0.006693510388862312,0.014573959559797093,0.023186110290966316,0.01703489087888065
-0.05041463664033846,-0.08637286076678333,-0.057839154825896036,-0.029241652705792674,-0.03333191212988162
-0.13201918001744864,-0.06852484062756839,-0.12631847699193863,-0.13754839717807354,-0.1434805404078639
0.08426386137126278,0.055739507544309806,0.07780898235161733,0.07057088963886718,0.08523980652526576
0.05275395355178853,0.08005881850110752,0.040334571598230506,0.03294214992972753,0.04647288464394717
0.020906796728421564,0.23779566142144443,0.174829547628551,0.14543828174792842,0.11151898061932891
-0.027359346864080692,-0.07729739382807635,-0.06673445832931482,-0.06310857282894902,-0.04601916256401619
-0.07815068624697012,-0.1513603447554778,-0.10134519270333774,-0.09436668172803887,-0.10155278063631108
0.032968587825955006,0.021102388248111593,0.016904685134454762,0.026680899180802565,0.02612738874248965
0.06703268629800523,0.10675528480957244,0.11037592064119052,0.09444118151963916,0.0759789174181469
-0.04008307819229371,-0.06148115249663875,-0.057741884162284214,-0.04324975853536984,-0.038898491689736046
0.05430282095478311,0.02624573014691295,0.05053833340556082,0.05987904572736245,0.049465495476993186
0.015837149702323153,0.05861090440292675,0.011318858032165391,0.006106943102938522,0.0081298486889732
-0.030466662601427635,-0.07955592718974294,-0.04579966261964286,-0.04315903454677173,-0.030289192283601843
-0.03061050218592191,0.04008716500467805,0.035455392360139594,0.0361582319691844,0.03889410767009853
-0.023015389759029087,-0.06323453377856428,-0.047560441579275956,-0.05631548636701298,-0.05919102494165185
0.014304581179273093,-0.00829116430738427,-0.02490111152879385,-0.02053231752246062,-0.010829563974145487
0.014729531431052602,-0.10162851532004376,-0.04953128636694292,-0.059331727357116504,-0.042712383595014156
-0.05021396773077246,0.006941892826986496,-0.008165458791447987,-0.0059928953828983535,-0.013331043461778682
-0.002018683325865958,-0.012232213487644205,-0.02031043865630059,-0.01439994067482962,-0.007187075861221134
-0.005352292768349582,-0.028177310755156938,-0.028635913760969,-0.02031492759376262,-0.006850848345021701
0.030322111553665907,0.018988589578412186,0.06616651920698685,0.05987609490904747,0.05028954189677926
-0.02203870482709921,-0.034563473643000386,-0.043379117286895155,-0.04067522751207072,-0.03742412479734319
-0.1526383601496036,-0.21633427225002708,-0.12614002729177956,-0.13863486591666557,-0.13642745017389912
0.06868133784345508,0.040146808323918336,0.07579351353160133,0.07132272565559288,0.06403186200806145
0.03799084887160163,0.03022485624811123,0.026844986977251867,0.02627796468617174,0.03413003548787136
-0.0251958674728015,0.027456482530613557,0.010736871195057592,0.00380107320708611,-0.0036906901905149558
-0.03901601995207189,-0.011148619511909773,-0.012235067758229135,-0.008242658527087006,-0.016786744384539438
-0.0800875846376977,-0.06932301518383624,-0.07771018472688272,-0.08323851702693663,-0.07276110998878149
-0.008912797621714692,0.0024582257565432864,-0.013081780722716107,-0.027117211519088618,-0.025923414367588
-0.03623149211361403,0.040092849962475904,-0.010895302938146566,-0.011497100038963004,-0.032539789575264225
0.22221997345263997,0.16239379197277945,0.20709901453813992,0.24188175515084576,0.24027287143295634
0.00535075821579121,0.2332846243957861,0.19947766495738356,0.14914874361640065,0.11081187307486712
0.06845157476891155,0.08469404245258172,0.11252323311609636,0.11560809223271523,0.11932212990201066
-0.051614175341189186,-0.09782849264329836,-0.08345924410640469,-0.0997156718760392,-0.11053246011915277
-0.0008618387385235008,-0.0029721843092958334,0.007716476837304195,-0.005453119913101112,-0.00012810062669498356
0.04894361916741958,0.056140398368433195,0.10049785458247872,0.06684101388486945,0.050532828185197796
0.004692944061405382,0.04380033273827798,0.017729604845011675,0.009546976397958347,0.009971970659503846
-0.02826593706669064,-0.018337027923503058,-0.013692645746406456,-0.027035946231549098,-0.01506496021412882
0.02020914256799399,0.050892179088726563,0.02479382620351388,0.040281906318160025,0.0316565339430621
0.030979227132788185,0.07284375376925667,0.051991733235642594,0.01660982012193725,0.021194723372485146
0.0376272102859767,0.032856203459516606,-0.0014280406900561353,-0.005692514729711007,0.021977633447717537
0.07020230955562215,0.13392779759489679,0.13639453484733874,0.13332064217198347,0.136896284926641
0.0006683191300868345,0.11041279713475494,0.03621827534601027,0.019603733022514693,0.014738305751452829
0.0136600731551658,-0.04805973936001161,-0.00898832891425126,-0.003188902677753389,-0.01823620941448891
-0.009579194226948027,-0.0429517893100236,-0.04165560118042266,-0.0325859536826109,-0.013676873700790333
0.013694175595187716,-0.029101932287064935,-0.026790468128501187,-0.038997294162310875,-0.01735466249252633
0.058197298444477276,0.18758508954418154,0.12339034006050502,0.10448737333731055,0.0866987768761415
0.0620750727288239,0.104084256199522,0.12789406691634828,0.11966290929542144,0.10010043571029811
-0.06992831946550931,-0.12129605102776146,-0.10753892935607222,-0.12179506177346751,-0.1147374753079353
0.036410088927089086,0.14030754094826078,0.11879304378439043,0.10839018409704952,0.08719515251241348
-0.056393130292801415,0.0442441464846543,0.049447520930674664,0.08176598124803565,0.021247515152396045
-0.08438641209831582,0.2739663543319787,0.2215586762297173,0.19390197123601827,0.20095920330652833
