pool,top10,rnd10,top30,rnd30,top50,rnd50,top100,rnd100
-0.034275263414167666,-0.029205779123139097,-0.03359199485523291,-0.0326803303831875,-0.033230359788332595,-0.028326502392002434,-0.03470128428105739,-0.026833863853821624,-0.034108648145520275
0.05079910817178444,0.06264613198489094,0.052736048753313766,0.05376802281791575,0.05059762568634868,0.040091321559396056,0.05031573769521605,0.03312886024502891,0.05205274530809814
-0.030155568312920388,-0.0035251226543033475,-0.025230732928432368,0.0031367803719158224,-0.030266508727453942,0.016219036085315303,-0.031021825933163664,-0.00019696159378135292,-0.029581903685179836
-0.06927487085789445,-0.11509984649544894,-0.07083188288478533,-0.015592930548047472,-0.06701080868200489,-0.016496248614624703,-0.07064868862459676,-0.02523954729739689,-0.06896343506961523
0.03258154381011145,-0.019495057689930782,0.0335554116947816,-0.04181254261616892,0.030651498198790397,-0.0595334194113746,0.03334388236013975,-0.03532430673364167,0.03276382068115188
0.007667989808843919,0.03631772690566165,0.008900298352537904,-0.012776455884895632,0.008392404470593775,-0.04294236582982593,0.008148249310158416,-0.028519739321639374,0.008186560358681172
4.346897823616382e-06,-0.0006080314488427829,-0.002525975972043469,-0.01963885807632863,-0.00024569417920475777,0.0033157137671181113,0.0003176795239784403,0.005605206004063317,0.000949315785014487
0.03899584599676612,0.07047907073094387,0.03923143240929944,0.055334330592948115,0.039769185821299284,0.04755576555667179,0.03676699793241268,0.04328496386507413,0.038391077366243594
-0.006247783603710254,0.02441111280216861,-0.007934850624571728,0.0016418669975667396,-0.0054790048447075,0.006316833172404343,-0.009025558832975823,0.012550794338282323,-0.005861726108321225
-0.005326686266292313,-0.10663924213617357,-0.010459535523530432,0.10607110290068562,-0.005183454933373282,0.11249097509836359,-0.005627944249613753,0.10890794949898588,-0.004988654311629121
0.06128796930122754,0.27215741061167853,0.06705598901462305,0.2262936640461942,0.05915364418437987,0.21815378894076634,0.06303772218314227,0.1863124010158398,0.06058769815395486
-0.005062988793503288,-0.06713148121265342,-0.0024102784810445033,-0.02086029985266192,-0.001409391234452343,-0.030813533181882784,-0.004523012181204825,-0.03054421543091904,-0.006356102892491325
-0.03633404218240306,-0.05612999282467869,-0.03528239287040763,-0.07426214182681924,-0.03504995720011649,-0.07417859499104665,-0.03450287147295015,-0.06385135447558758,-0.03689673916759254
0.07058799358040539,0.009153576076715441,0.06982130327750065,0.0046850300360363195,0.06757928007311623,0.014044649539870415,0.07009005279411769,0.03125098513364591,0.07148718400491212
0.036699555557223686,0.05364687806298811,0.03219176120322586,0.038189433663797685,0.035811938054238365,0.04525763179399742,0.03640886856187871,0.03436105592205408,0.035822734215466376
-0.09381840526550114,-0.08884558825997273,-0.09652413281012522,-0.09431803999862548,-0.09423624175429093,-0.10796483224494832,-0.09387836567049784,-0.11161329534018685,-0.09306396161758033
0.03184377203241306,0.006693510388862312,0.031569623733202226,0.014573959559797093,0.03197518325661807,0.023186110290966316,0.03163287688009211,0.01703489087888065,0.031692165133091116
-0.05041463664033846,-0.08637286076678333,-0.048067248106779786,-0.057839154825896036,-0.0499810285395379,-0.029241652705792674,-0.0492627050100554,-0.03333191212988162,-0.05098669226126458
-0.13201918001744864,-0.06852484062756839,-0.13571449934335808,-0.12631847699193863,-0.13230961644774383,-0.13754839717807354,-0.13176181988226676,-0.1434805404078639,-0.13188117910328612
0.08426386137126278,0.055739507544309806,0.08224737707379194,0.07780898235161733,0.08435728343316896,0.07057088963886718,0.0840523359592144,0.08523980652526576,0.08434868216273919
0.05275395355178853,0.08005881850110752,0.04924879213205512,0.040334571598230506,0.05297116369156398,0.03294214992972753,0.05413634978150309,0.04647288464394717,0.05161991496671785
0.020906796728421564,0.23779566142144443,0.02375226361939938,0.174829547628551,0.021384520338669808,0.14543828174792842,0.01904553593946157,0.11151898061932891,0.021451424916390946
-0.027359346864080692,-0.07729739382807635,-0.02612483781848285,-0.06673445832931482,-0.0284835321143302,-0.06310857282894902,-0.028761194787259657,-0.04601916256401619,-0.028229460603451502
-0.07815068624697012,-0.1513603447554778,-0.07863904300643854,-0.10134519270333774,-0.07860602196134799,-0.09436668172803887,-0.07920230334177511,-0.10155278063631108,-0.07748131651208862
0.032968587825955006,0.021102388248111593,0.03042166168709445,0.016904685134454762,0.033563640356660596,0.026680899180802565,0.03496817674733923,0.02612738874248965,0.034198375246093926
0.06703268629800523,0.10675528480957244,0.07030903333962309,0.11037592064119052,0.06945948389272019,0.09444118151963916,0.0669158898931467,0.0759789174181469,0.06711999377709654
-0.04008307819229371,-0.06148115249663875,-0.03944575062199805,-0.057741884162284214,-0.043110911342447496,-0.04324975853536984,-0.03989936034438017,-0.038898491689736046,-0.03936978701243063
0.05430282095478311,0.02624573014691295,0.0536763478980537,0.05053833340556082,0.055975913269121574,0.05987904572736245,0.053574979751467425,0.049465495476993186,0.055093052480439206
0.015837149702323153,0.05861090440292675,0.016299843135217925,0.011318858032165391,0.01676860407141738,0.006106943102938522,0.01696378776440958,0.0081298486889732,0.015047313231789499
-0.030466662601427635,-0.07955592718974294,-0.034350229260461905,-0.04579966261964286,-0.030300406418683066,-0.04315903454677173,-0.030379058296548675,-0.030289192283601843,-0.030693358494675405
-0.03061050218592191,0.04008716500467805,-0.035198685656097,0.035455392360139594,-0.02960216371550268,0.0361582319691844,-0.03281775513061219,0.03889410767009853,-0.031358599873219165
-0.023015389759029087,-0.06323453377856428,-0.022150588836698546,-0.047560441579275956,-0.025701246843497463,-0.05631548636701298,-0.02395527641551236,-0.05919102494165185,-0.021814826890690822
0.014304581179273093,-0.00829116430738427,0.013983421481201052,-0.02490111152879385,0.011728599389053532,-0.02053231752246062,0.014324120440837466,-0.010829563974145487,0.014337734184174611
0.014729531431052602,-0.10162851532004376,0.015097583246756736,-0.04953128636694292,0.01354748554222013,-0.059331727357116504,0.014387819931657646,-0.042712383595014156,0.01484427465052364
-0.05021396773077246,0.006941892826986496,-0.05082489899373062,-0.008165458791447987,-0.0499765515180208,-0.0059928953828983535,-0.050024931175894946,-0.013331043461778682,-0.04957929667416554
-0.002018683325865958,-0.012232213487644205,0.0018844302758894414,-0.02031043865630059,-0.0025489960765750974,-0.01439994067482962,-0.002384826312994671,-0.007187075861221134,-0.002259857590100511
-0.005352292768349582,-0.028177310755156938,-0.00633024572726083,-0.028635913760969,-0.0061413913688785175,-0.02031492759376262,-0.00653958115521979,-0.006850848345021701,-0.004794640407170196
0.030322111553665907,0.018988589578412186,0.02696934729371319,0.06616651920698685,0.029400617116122862,0.05987609490904747,0.03143396901589989,0.05028954189677926,0.031001932655856997
-0.02203870482709921,-0.034563473643000386,-0.020961415375183794,-0.043379117286895155,-0.02117461314974116,-0.04067522751207072,-0.022880645558330814,-0.03742412479734319,-0.02150235597851907
-0.1526383601496036,-0.21633427225002708,-0.15214792531615018,-0.12614002729177956,-0.1527222115504987,-0.13863486591666557,-0.1512932541862156,-0.13642745017389912,-0.1513519273893373
0.06868133784345508,0.040146808323918336,0.06878325524238826,0.07579351353160133,0.06790636303498189,0.07132272565559288,0.07018934013932206,0.06403186200806145,0.06848128032469893
0.03799084887160163,0.03022485624811123,0.03860918772763131,0.026844986977251867,0.03934280319096922,0.02627796468617174,0.03786169109373398,0.03413003548787136,0.03770990538272133
-0.0251958674728015,0.027456482530613557,-0.02900624460767731,0.010736871195057592,-0.022893949350452605,0.00380107320708611,-0.02451581071418912,-0.0036906901905149558,-0.025004737294851767
-0.03901601995207189,-0.011148619511909773,-0.04008523205180309,-0.012235067758229135,-0.04086149005819169,-0.008242658527087006,-0.03905312920081057,-0.016786744384539438,-0.03896758115712565
-0.0800875846376977,-0.06932301518383624,-0.07881509509504042,-0.07771018472688272,-0.08331489774651461,-0.08323851702693663,-0.07879409696479545,-0.07276110998878149,-0.07937042836310358
-0.008912797621714692,0.0024582257565432864,-0.010329970441185478,-0.013081780722716107,-0.009339558577459346,-0.027117211519088618,-0.008719334900180363,-0.025923414367588,-0.009401608821609094
-0.03623149211361403,0.040092849962475904,-0.03878121069986343,-0.010895302938146566,-0.03625013078896797,-0.011497100038963004,-0.034153628815996484,-0.032539789575264225,-0.03577378877225202
0.22221997345263997,0.16239379197277945,0.22029475614742255,0.20709901453813992,0.22350032127707742,0.24188175515084576,0.2228226401868242,0.24027287143295634,0.2224284004383165
0.00535075821579121,0.2332846243957861,0.00397117397910458,0.19947766495738356,0.005895328372043797,0.14914874361640065,0.0043240091769433985,0.11081187307486712,0.004933724292578667
0.06845157476891155,0.08469404245258172,0.07211006606622482,0.11252323311609636,0.06854831922528924,0.11560809223271523,0.06896886617808076,0.11932212990201066,0.06607103589439402
-0.051614175341189186,-0.09782849264329836,-0.05581832667183605,-0.08345924410640469,-0.053874697609591404,-0.0997156718760392,-0.052566336104531104,-0.11053246011915277,-0.05195447175281753
-0.0008618387385235008,-0.0029721843092958334,0.0008962327300703581,0.007716476837304195,-1.855816938629431e-05,-0.005453119913101112,-0.0027054959249600396,-0.00012810062669498356,-0.0019993085341951243
0.04894361916741958,0.056140398368433195,0.050006398095125464,0.10049785458247872,0.048491354452772854,0.06684101388486945,0.05023850590448189,0.050532828185197796,0.0498521082871238
0.004692944061405382,0.04380033273827798,0.0026138488538221265,0.017729604845011675,0.00562523318583635,0.009546976397958347,0.004166149801780341,0.009971970659503846,0.004611762301597309
-0.02826593706669064,-0.018337027923503058,-0.028682573087298997,-0.013692645746406456,-0.02784789232090292,-0.027035946231549098,-0.028542524480862114,-0.01506496021412882,-0.029312577635058137
0.02020914256799399,0.050892179088726563,0.02761800150534669,0.02479382620351388,0.020315723902229594,0.040281906318160025,0.02011175822037624,0.0316565339430621,0.0193830567213091
0.030979227132788185,0.07284375376925667,0.029144665640057826,0.051991733235642594,0.031266228887538786,0.01660982012193725,0.030291361140357135,0.021194723372485146,0.031045790792788283
0.0376272102859767,0.032856203459516606,0.038576278159002254,-0.0014280406900561353,0.038944674958225706,-0.005692514729711007,0.033918506954290016,0.021977633447717537,0.03879785632097245
0.07020230955562215,0.13392779759489679,0.06706995471068296,0.13639453484733874,0.07157642497743547,0.13332064217198347,0.06920918148136584,0.136896284926641,0.07022360155697742
0.0006683191300868345,0.11041279713475494,0.00344507459076799,0.03621827534601027,-0.00035961888186232055,0.019603733022514693,0.0022273550283979007,0.014738305751452829,0.0009735393844253386
0.0136600731551658,-0.04805973936001161,0.010583322290754683,-0.00898832891425126,0.013937679779883423,-0.003188902677753389,0.01437546301519988,-0.01823620941448891,0.014403295210850743
-0.009579194226948027,-0.0429517893100236,-0.009524276394166715,-0.04165560118042266,-0.007125937704096378,-0.0325859536826109,-0.010987048171916257,-0.013676873700790333,-0.009591827511161772
0.013694175595187716,-0.029101932287064935,0.016782667406482196,-0.026790468128501187,0.01122563288161733,-0.038997294162310875,0.013421703649729989,-0.01735466249252633,0.012046429031278345
0.058197298444477276,0.18758508954418154,0.05989932047900868,0.12339034006050502,0.057552790165200075,0.10448737333731055,0.059563720922571,0.0866987768761415,0.057122214064506786
0.0620750727288239,0.104084256199522,0.061791678937683565,0.12789406691634828,0.06425344479795919,0.11966290929542144,0.06260239720327031,0.10010043571029811,0.062297464512022546
-0.06992831946550931,-0.12129605102776146,-0.0755412213928306,-0.10753892935607222,-0.07082802148392647,-0.12179506177346751,-0.06995054710970355,-0.1147374753079353,-0.06975503110952325
0.036410088927089086,0.14030754094826078,0.03711573259129684,0.11879304378439043,0.03835862275487853,0.10839018409704952,0.03841620045391008,0.08719515251241348,0.03593936343479757
-0.056393130292801415,0.0442441464846543,-0.05785586762450924,0.049447520930674664,-0.055896359682741655,0.08176598124803565,-0.05476113012691827,0.021247515152396045,-0.05402652509619459
-0.08438641209831582,0.2739663543319787,-0.08464605315539556,0.2215586762297173,-0.08207871400533394,0.19390197123601827,-0.08680192371296151,0.20095920330652833,-0.08669593105659967
