month,ref_date,t4_ic5,t2_ic5,t4_ic20,t2_ic20,t4_ic60,t2_ic60,fuse_ic5,n5,fuse_ic20,n20,fuse_top10,t4_top10,t2_top10,all_ret,t2t4_rankcorr,fuse_ic60,n60
2020-10,2020-09-30,,,,,,,,,,,,,,,,,
2020-11,2020-10-30,,,,,,,,,,,,,,,,,
2020-12,2020-11-30,,,,,,,,,,,,,,,,,
2021-01,2020-12-31,,,,,,,,,,,,,,,,,
2021-02,2021-01-29,,,,,,,,,,,,,,,,,
2021-03,2021-02-26,,,,,,,,,,,,,,,,,
2021-04,2021-03-31,,,,,,,,,,,,,,,,,
2021-05,2021-04-30,,,,,,,,,,,,,,,,,
2021-06,2021-05-31,,,,,,,,,,,,,,,,,
2021-07,2021-06-30,,,,,,,,,,,,,,,,,
2021-08,2021-07-30,,,,,,,,,,,,,,,,,
2021-09,2021-08-31,,,,,,,,,,,,,,,,,
2021-10,2021-09-30,,,,,,,,,,,,,,,,,
2021-11,2021-10-29,,,,,,,,,,,,,,,,,
2021-12,2021-11-30,,,,,,,,,,,,,,,,,
2022-01,2021-12-31,,,,,,,,,,,,,,,,,
2022-02,2022-01-28,,,,,,,,,,,,,,,,,
2022-03,2022-02-28,,,,,,,,,,,,,,,,,
2022-04,2022-03-31,,,,,,,,,,,,,,,,,
2022-05,2022-04-29,,,,,,,,,,,,,,,,,
2022-06,2022-05-31,,,,,,,,,,,,,,,,,
2022-07,2022-06-30,,,,,,,,,,,,,,,,,
2022-08,2022-07-29,,,,,,,,,,,,,,,,,
2022-09,2022-08-31,,,,,,,,,,,,,,,,,
2022-10,2022-09-30,,,,,,,,,,,,,,,,,
2022-11,2022-10-31,,,,,,,,,,,,,,,,,
2022-12,2022-11-30,,,,,,,,,,,,,,,,,
2023-01,2022-12-30,,,,,,,,,,,,,,,,,
2023-02,2023-01-31,,,,,,,,,,,,,,,,,
2023-03,2023-02-28,,,,,,,,,,,,,,,,,
2023-04,2023-03-31,,,,,,,,,,,,,,,,,
2023-05,2023-04-28,,,,,,,,,,,,,,,,,
2023-06,2023-05-31,,,,,,,,,,,,,,,,,
2023-07,2023-06-30,,,,,,,,,,,,,,,,,
2023-08,2023-07-31,,,,,,,,,,,,,,,,,
2023-09,2023-08-31,,,,,,,,,,,,,,,,,
2023-10,2023-09-28,,,,,,,,,,,,,,,,,
2023-11,2023-10-31,,,,,,,,,,,,,,,,,
2023-12,2023-11-30,,,,,,,,,,,,,,,,,
2024-01,2023-12-29,,,,,,,,,,,,,,,,,
2024-02,2024-01-31,,,,,,,,,,,,,,,,,
2024-03,2024-02-29,,,,,,,,,,,,,,,,,
2024-04,2024-03-29,,,,,,,,,,,,,,,,,
2024-05,2024-04-30,,,,,,,,,,,,,,,,,
2024-06,2024-05-31,,,,,,,,,,,,,,,,,
2024-07,2024-06-28,,,,,,,,,,,,,,,,,
2024-08,2024-07-31,,,,,,,,,,,,,,,,,
2024-09,2024-08-30,,,,,,,,,,,,,,,,,
2024-10,2024-09-30,,,,,,,,,,,,,,,,,
2024-11,2024-10-31,,,,,,,,,,,,,,,,,
2024-12,2024-11-29,,0.058331875019179906,,-0.2641955312876924,,-0.06172142245935749,0.058331875019179906,2934.0,-0.2641955312876924,2928.0,-0.06447070313887487,0.02592482865364252,-0.06447070313887487,-0.03289537062642767,,-0.06172142245935749,2932.0
2025-01,2024-12-31,,-0.023163488212879176,,0.0868325350242036,,0.08526909749325304,-0.023163488212879176,2930.0,0.0868325350242036,2932.0,0.05695771491760543,-0.02220489884387502,0.05695771491760543,0.014255500129291207,,0.08526909749325304,2929.0
2025-02,2025-01-27,,-0.27142039048529454,,-0.20734666912302255,,0.006065743221625387,-0.27142039048529454,2944.0,-0.20734666912302255,2942.0,0.04054432041178983,-0.009943028364662165,0.04054432041178983,0.03629143457295584,,0.006065743221625387,2933.0
2025-03,2025-02-28,,0.11320139179242289,,0.16106885897056342,,0.00635961650438092,0.11320139179242289,2941.0,0.16106885897056342,2935.0,0.03007473770576453,0.003321930184342825,0.03007473770576453,0.009402690876427245,,0.00635961650438092,2934.0
2025-04,2025-03-31,,-0.3271867016141232,,-0.0989937902941707,,0.062394880884844815,-0.3271867016141232,2943.0,-0.0989937902941707,2933.0,-0.01424458009082009,0.013099370513890008,-0.01424458009082009,-0.0034998650692413488,,0.062394880884844815,2939.0
2025-05,2025-04-30,,0.02411344768189436,,0.07749858158008603,,0.06405998783805782,0.02411344768189436,2947.0,0.07749858158008603,2935.0,0.03290316733179198,0.027755850121070725,0.03290316733179198,0.014780731270890267,,0.06405998783805782,2946.0
2025-06,2025-05-30,,0.09451774017222375,,0.087543751132257,,0.03365630391111551,0.09451774017222375,2935.0,0.087543751132257,2935.0,0.051019839883192364,-0.039980623482253216,0.051019839883192364,0.007301986699727495,,0.03365630391111551,2938.0
2025-07,2025-06-30,,0.08403001972536699,,0.018842028000152947,,-0.07170461143929847,0.08403001972536699,2947.0,0.018842028000152947,2942.0,0.001020966383344879,-0.0023971019488849056,0.001020966383344879,0.005186279990291298,,-0.07170461143929847,2946.0
2025-08,2025-07-31,,0.06430164089970868,,0.10966102762523118,,0.16071965906236468,0.06430164089970868,2952.0,0.10966102762523118,2953.0,0.0006480214926967487,-0.07491879051470698,0.0006480214926967487,-0.031581077456321646,,0.16071965906236468,2953.0
2025-09,2025-08-29,,-0.1390239063601798,,-0.021314466322677524,,-0.06560516449148569,-0.1390239063601798,2955.0,-0.021314466322677524,2952.0,0.06198505116215376,-0.06061941166317829,0.06198505116215376,-0.017843192463552187,,-0.06560516449148569,2949.0
2025-10,2025-09-30,,-0.21001827348886343,,-0.18581310830898098,,-0.10559304832186028,-0.21001827348886343,2954.0,-0.18581310830898098,2951.0,-0.061963215780269795,0.06451771776046802,-0.061963215780269795,0.04230641055903728,,-0.10559304832186028,2950.0
2025-11,2025-10-31,,-0.002465235310003644,,-0.03534559732254064,,0.06501303109693662,-0.002465235310003644,2960.0,-0.03534559732254064,2957.0,-0.01571559248804196,0.0012109019700167311,-0.01571559248804196,0.016469498628142194,,0.06501303109693662,2960.0
2025-12,2025-11-28,,0.0005814671409256398,,-0.04640928350131652,,0.08694154161924018,0.0005814671409256398,2959.0,-0.04640928350131652,2959.0,-0.009085587382830062,-0.020371016994216017,-0.009085587382830062,-0.00366138068719116,,0.08694154161924018,2956.0
2026-01,2025-12-31,,0.011034036681425741,,0.0509369081482242,,0.09827699321311333,0.011034036681425741,2963.0,0.0509369081482242,2963.0,0.1890803732434522,-0.027281652939597632,0.1890803732434522,0.057549477187887436,,0.09827699321311333,2962.0
2026-02,2026-01-30,,-0.07982897993722625,,-0.035368402634428364,,0.024946166071104278,-0.07982897993722625,2972.0,-0.035368402634428364,2970.0,0.05273226626574408,0.035978501008957,0.05273226626574408,0.028819537262424026,,0.024946166071104278,2972.0
2026-03,2026-02-27,,-0.048085606875847314,,-0.09303702887028735,,-0.00639391939125506,-0.048085606875847314,2971.0,-0.09303702887028735,2966.0,-0.07892134881846165,0.025185836152814334,-0.07892134881846165,-0.014466068084944292,,-0.00639391939125506,2971.0
2026-04,2026-03-31,,-0.005284293110502459,,0.014648219764688334,,0.06666433472558926,-0.005284293110502459,2967.0,0.014648219764688334,2966.0,0.060068498801634305,-0.06335712632397514,0.060068498801634305,-0.02874632958165183,,0.06666433472558926,2960.0
2026-05,2026-04-30,,0.06763917173351211,,0.03879974947780214,,-0.024110385238274617,0.06763917173351211,2973.0,0.03879974947780214,2970.0,0.00046982462700552176,0.0016320527553403408,0.00046982462700552176,-0.06393187468990713,,-0.024110385238274617,2973.0
2026-06,2026-05-29,,0.08588351302873637,,0.07555245752784295,,-0.13845723460768639,0.08588351302873637,2974.0,0.07555245752784295,2968.0,0.21047457218058638,-0.12342446639403523,0.21047457218058638,-0.10894044637418204,,-0.13845723460768639,2972.0
