month,ref_date,t4_ic5,t2_ic5,fuse_ic5,n5,t4_ic20,t2_ic20,fuse_ic20,n20,fuse_top10,t4_top10,t2_top10,all_ret,t2t4_rankcorr,t4_ic60,t2_ic60,fuse_ic60,n60
2025-01,2024-12-31,0.10365561313181511,0.04393402530299083,0.09990262404960873,2930,-0.03944211525909862,-0.029424896817040316,-0.046469108858970695,2932,-0.03046310020436439,-0.10300915765970539,-0.050109168162013086,0.014255500129291207,0.13172638210182352,0.04719955962585995,0.009035808535998295,0.03378336185559744,2929
2025-02,2025-01-27,-0.14255098028971613,-0.10100407094155471,-0.16843114279397525,2944,-0.09735811101229515,-0.12557708523682387,-0.1378851233069505,2942,-0.02450692045307983,0.12437404650454968,-0.06314039939484677,0.03629143457295584,0.014968095000232369,0.03578143489736347,-0.05728091842478989,0.008247698419198741,2933
2025-03,2025-02-28,-0.1033168105833128,-0.026127868507735186,-0.08939590510305925,2941,0.25626181209293325,-0.04050446400834159,0.16284193649591755,2935,-0.07326691692116857,-0.010791515120855211,-0.063935980625308,0.009402690876427245,-0.09816315102296348,0.17202010363427456,0.0008352281496486939,0.12663978895536698,2934
2025-04,2025-03-31,-0.01063634472990767,0.13625837441939986,0.10106811684850935,2943,0.02287847627360059,-0.019528645485788736,0.007584670673577355,2933,0.005786763517231996,0.038717538913695615,0.0959194103900273,-0.0034998650692413488,-0.15846004753842433,-0.006063180198360843,-0.08490899613841495,-0.070515500883188,2939
2025-05,2025-04-30,-0.0394053495781794,0.04561995081062702,0.006771869323110075,2947,0.04106372570604645,-0.012308632959510107,0.01838265010950749,2935,0.14191215085261277,0.032074129974017686,0.03375787588268596,0.014780731270890267,0.01261182197802191,0.03181186353693657,0.09376583375230774,0.0860197037715855,2946
2025-06,2025-05-30,0.1314214926187183,0.0017925032116383492,0.08585431885568715,2935,0.1394372306894176,0.04005611700418508,0.11109248333553952,2935,0.06835830007692867,0.034305663803806265,0.0319397807897142,0.007301986699727495,0.17589465449974656,0.15941256460185838,0.023352952256190797,0.11645518928680988,2938
2025-07,2025-06-30,0.05236927749463256,0.010192879307636099,0.04098692564849579,2947,-0.1166256968413481,0.0645911816299397,-0.038779204180662157,2942,-0.00037572404607677523,-0.0009078387961401147,-0.04627178587539486,0.005186279990291298,0.04332534782290444,-0.16952730791279427,0.035542363556915854,-0.09553451108715938,2946
2025-08,2025-07-31,0.09704895693874362,0.07175276859910504,0.09835188341561132,2952,0.05259910887659186,0.04162760087479112,0.05345495183322694,2953,0.015666380408335002,-0.04036086014286858,-0.1509302204890531,-0.031581077456321646,0.29379664396844163,0.020829680100515793,0.04475340666059266,0.03507286062103644,2953
2025-09,2025-08-29,-0.10028993820647358,0.1702409713119332,0.05121601401392149,2955,-0.04474003418376874,0.0741212111193566,0.019333737124164287,2952,-0.029001460633965293,-0.05752901431990134,-0.03768805762020061,-0.017843192463552187,-0.08727605614427836,-0.08207005032161445,0.16106814389580723,0.05833041272900598,2949
2025-10,2025-09-30,0.1563177583399344,-0.0019204536980219975,0.09856034779270238,2954,0.18988549343964164,0.07099147645196796,0.17133600351217923,2951,0.08017013377880533,0.07806443969009065,0.04524796335989097,0.04230641055903728,0.14558765121944123,0.04618488334528468,0.05407686306670423,0.06308303120076897,2950
2025-11,2025-10-31,-0.11091506716239175,0.04047218082917335,-0.04180555829216771,2960,0.03509625374910952,0.12091161094539403,0.09660810923884487,2957,0.03565078783402882,0.004887298181363709,0.03082122762501175,0.016469498628142194,0.34720394755561357,-0.08338121161407983,-0.03855317289739322,-0.07324791836447182,2960
2025-12,2025-11-28,0.02175815843538195,-0.0009597291722771527,0.010727560317511544,2959,0.02935430178329033,-0.05598002900699585,-0.012604355023941362,2959,-0.05690871224995656,-0.025145679430225887,-0.014831103413671654,-0.00366138068719116,0.44253218134638167,0.05487749584366853,-0.045853869754269944,0.0006300802528221159,2956
2026-01,2025-12-31,-0.024516184574145197,-0.020877102572722687,-0.022053811304692472,2963,0.1136771613814273,0.04767941208814323,0.11002204159301955,2963,0.010929955059228414,0.12729094689607648,0.05482400024467676,0.057549477187887436,0.12166599420418826,0.08778420276766463,0.10850329866400156,0.12874874284166263,2962
2026-02,2026-01-30,0.059681113792602235,0.003563414651534898,0.03652071840789792,2972,-0.004692996041256366,-0.02280080841655146,-0.016687444962932535,2970,-0.019359764721740624,-0.018080213165945623,0.029348312608282235,0.028819537262424026,0.537847545105561,0.030747502099655283,0.06561901299779282,0.0542775070399361,2972
2026-03,2026-02-27,0.04265646850273261,0.08676716995396642,0.08756537953979328,2971,0.14458891887542402,0.1267198638202968,0.18153287268823265,2966,-0.022194369310891814,0.017309338258182906,-0.03576223100577129,-0.014466068084944292,0.13597123611001685,0.012636394332790525,0.01739934987821211,0.021485495647480507,2971
2026-04,2026-03-31,0.19706071354231192,0.005960661822121635,0.12787130331103438,2967,0.028710469681783563,-0.03481634161029119,-0.006053528187123498,2966,0.12376995891127154,0.01900401521422902,0.019348835864086054,-0.02874632958165183,0.26324075693339877,0.0851982171134603,-0.01800562374802784,0.03965900212391211,2960
2026-05,2026-04-30,-0.04241653565721095,-0.028602536967219292,-0.044864485134748694,2973,-0.011582442594326657,0.04894362431091087,0.021603840227774444,2970,-0.13706351833700192,-0.09538975055068134,-0.127081118329631,-0.06393187468990713,0.11761974817468784,0.1539568296150262,0.13398706186680057,0.1893917533966161,2973
2026-06,2026-05-29,-0.12290628798049673,-0.07816579701737626,-0.11731597427905725,2974,-0.0640825023809119,-0.049077463594876865,-0.06144204066289315,2968,-0.11790694196566778,-0.13056751939144512,-0.12184524394635825,-0.10894044637418204,0.43297404817996177,0.2787706823458013,0.17740216043403398,0.26148960905053875,2972
