w_t4,全段_IC20,全段_t20,全段_ICIR20,全段_neuIC20,全段_TOP10,全段_n,检验段 2024-01~2026-06_IC20,检验段 2024-01~2026-06_t20,检验段 2024-01~2026-06_ICIR20,检验段 2024-01~2026-06_neuIC20,检验段 2024-01~2026-06_TOP10,检验段 2024-01~2026-06_n,全段_IC60,全段_t60,检验段 2024-01~2026-06_IC60,检验段 2024-01~2026-06_t60
0.0,-0.00012467939590960316,-0.005432851019031537,-0.0012444565888728649,0.00796722076732345,0.033780501658129916,18,-0.00012467939590960316,-0.005432851019031537,-0.0012444565888728649,0.00796722076732345,0.033780501658129916,18,0.019361277341764738,1.29569675441981,0.019361277341764738,1.29569675441981
0.2,0.001329613619445861,0.055174857013248035,0.01263843129688739,0.012654916735958964,0.039116257587614806,18,0.001329613619445861,0.055174857013248035,0.01263843129688739,0.012654916735958964,0.039116257587614806,18,0.02623364062564526,1.7886739704432324,0.02623364062564526,1.7886739704432324
0.3,0.00231090615864337,0.09430069602068525,0.02160065168125268,0.015322462454772942,0.0396812642962713,18,0.00231090615864337,0.09430069602068525,0.02160065168125268,0.015322462454772942,0.0396812642962713,18,0.029952683569387725,2.064033255097604,0.029952683569387725,2.064033255097604
0.4,0.003491716758671141,0.1410061634923617,0.032299072552340005,0.018019453389363317,0.035022681448770625,18,0.003491716758671141,0.1410061634923617,0.032299072552340005,0.018019453389363317,0.035022681448770625,18,0.03372980808340324,2.349969968497223,0.03372980808340324,2.349969968497223
0.5,0.005323610652879307,0.21476051060954984,0.04919334830304201,0.020862466706290883,0.0343695117109348,18,0.005323610652879307,0.21476051060954984,0.04919334830304201,0.020862466706290883,0.0343695117109348,18,0.037504316838353535,2.6549439276258475,0.037504316838353535,2.6549439276258475
0.6,0.007255768049388963,0.29532944972056013,0.06764858419741164,0.023298224852160144,0.034689373928044206,18,0.007255768049388963,0.29532944972056013,0.06764858419741164,0.023298224852160144,0.034689373928044206,18,0.04082672294210682,2.951760290750231,0.04082672294210682,2.951760290750231
0.7,0.009197507966967437,0.3797434525873425,0.08698457586968585,0.025152951903473768,0.03523981992987625,18,0.009197507966967437,0.3797434525873425,0.08698457586968585,0.025152951903473768,0.03523981992987625,18,0.04356739321535781,3.2071754137189785,0.04356739321535781,3.2071754137189785
0.8,0.010839204505863244,0.4556458473235111,0.10437088646604968,0.026395137033100077,0.041147443287842304,18,0.010839204505863244,0.4556458473235111,0.10437088646604968,0.026395137033100077,0.041147443287842304,18,0.0454897087455818,3.380641048822703,0.0454897087455818,3.380641048822703
1.0,0.007767348176669139,0.33147311268199087,0.07799367357223315,0.027049547805253323,0.018960914428655398,17,0.007767348176669139,0.33147311268199087,0.07799367357223315,0.027049547805253323,0.018960914428655398,17,0.04073001582867595,2.3826411072282365,0.04073001582867595,2.3826411072282365
