w_t4,全段_IC20,全段_t20,全段_ICIR20,全段_neuIC20,全段_TOP10,全段_n,拟合段 2020-10~2023-12_IC20,拟合段 2020-10~2023-12_t20,拟合段 2020-10~2023-12_ICIR20,拟合段 2020-10~2023-12_neuIC20,拟合段 2020-10~2023-12_TOP10,拟合段 2020-10~2023-12_n,检验段 2024-01~2026-06_IC20,检验段 2024-01~2026-06_t20,检验段 2024-01~2026-06_ICIR20,检验段 2024-01~2026-06_neuIC20,检验段 2024-01~2026-06_TOP10,检验段 2024-01~2026-06_n,全段_IC60,全段_t60,拟合段 2020-10~2023-12_IC60,拟合段 2020-10~2023-12_t60,检验段 2024-01~2026-06_IC60,检验段 2024-01~2026-06_t60
0.0,0.029216890071958906,2.925174056347246,0.3495884523952511,0.017458742264207162,-0.0017905051599226573,69,0.03625716884230784,2.575228386686294,0.40704548532646656,0.020787246235073168,0.007939602699624631,39,0.02006452767050528,1.4641287319603191,0.2628191506822392,0.013131687102081364,-0.014439645377334134,30,0.042534313887603155,3.3196585703003447,0.054373880625859974,3.1024677421763327,0.027142877127869305,1.5607285259542436
0.2,0.03441177995700427,3.3164365131652156,0.3963483491140672,0.02199666645377697,0.007173625863521543,69,0.041246128479265724,2.783921447405034,0.4400319065012629,0.024590902453163012,0.011445149086715591,39,0.02552712687806437,1.8331306527978475,0.32905702261088227,0.01862415965457511,0.0016206456733692846,30,0.05264322951838576,4.162639806200756,0.06348117663819813,3.5661607190355076,0.03855389826262968,2.325240973317192
0.3,0.03803430898190562,3.5721383766603836,0.42690735757371495,0.024069181695223887,0.005585858259833196,69,0.04273743990462099,2.781164784255596,0.4395961830930612,0.025679446851872144,0.008431159323611069,39,0.03192023878237565,2.2659184642574863,0.4067448123185226,0.021975836991581146,0.001886966876921962,30,0.05699522639846606,4.511769695478178,0.06741436080663069,3.760134305240333,0.043450351667852,2.642339587199948
0.4,0.04114395213157622,3.705158082327344,0.4428045835665685,0.026111827698266286,0.006760244192544522,69,0.04329803023025577,2.677007674937641,0.42313291275489795,0.026418038377630897,0.010330547460598154,39,0.0383436506032928,2.6475744108814223,0.4752541513916167,0.025713753815092295,0.0021188499440748026,30,0.06128937370461267,4.90507267535647,0.07092879808223111,3.9441172475101522,0.0487581220137087,3.047466032725904
0.5,0.043346159859485076,3.7042973946104456,0.4427017225124397,0.02751395443386333,0.007057356194744466,69,0.04273979402303702,2.5035484925486613,0.39571562524561127,0.026327110250951444,0.009890872761828765,39,0.04413443544686753,2.8990037422729107,0.5203870976213102,0.029056851871648772,0.003373784657534878,30,0.0647713587694547,5.293634873623815,0.07293599813659991,4.0616260513513165,0.0541573275921659,3.5473366352447995
0.6,0.044718634414032274,3.6603676535319543,0.4374516656262758,0.028469534365525635,0.008149622264880871,69,0.04158645872072776,2.343208230860248,0.37037193923556605,0.025870429099211494,0.011737502582377742,39,0.048790462815328145,3.0478341274296414,0.5471029693672536,0.03184837121173401,0.0034853778521349373,30,0.06690526844973463,5.590972225691727,0.07310062056286946,4.088753513659121,0.05885131070265934,4.040189411110181
0.7,0.04504980269330113,3.5998368044836337,0.43021760521368035,0.02882883949924745,0.005608446802182225,69,0.04012287202001132,2.2180687538657025,0.35059215604814575,0.025114915970847196,0.008864201015505278,39,0.051454812568577875,3.113876568303275,0.5589579503129186,0.033656940086167784,0.0013759663248622545,30,0.06722491351309663,5.713897264736979,0.07158134122596543,4.025074062819826,0.06156155748636725,4.38125502497871
0.8,0.044674549581366456,3.533271894268436,0.42226241229260736,0.02875653693522792,0.0058578782635704384,69,0.038530793849706986,2.118472294612742,0.33484975071314377,0.024224210233236027,0.008557104983748901,39,0.05266143203252376,3.1310020700933,0.5620320719643905,0.034648561647817384,0.002348883527338434,30,0.06639046576021572,5.722397088596681,0.069174859166176,3.916358565134843,0.06277075433246733,4.594138649414898
1.0,0.042324222800816436,3.362652819454948,0.4018716741128633,0.027540241069588942,0.008078307876202395,69,0.03460870281444521,1.929155888019315,0.3049260402568286,0.021783159338878477,0.009680028072774188,39,0.05235439878309906,3.0838792664469454,0.5535732698373954,0.03502444731951255,0.005996071620659069,30,0.06275195250721123,5.534888989634501,0.06295571827996425,3.6301209737694964,0.06248705700263229,4.739087553024286
